[{"model": "auth.user", "pk": 3, "fields": {"password": "pbkdf2_sha256$600000$QMW9MpUZAjjEScX8ZyU8B5$JreaaV3zIVf0lY6BugdAZfY9yCkogepnayNk3U1Mnp0=", "last_login": "2024-11-18T11:23:00.192Z", "is_superuser": true, "username": "annet", "first_name": "", "last_name": "", "email": "an@n.et", "is_staff": true, "is_active": true, "date_joined": "2024-11-06T13:15:31.044Z", "groups": [], "user_permissions": []}}, {"model": "sessions.session", "pk": "4rxvpsuhbskqmtqmhi6fgvp3ggn9m13l", "fields": {"session_data": ".eJxVjE0KwjAQRu-StZTE_OrSC9QblJnJhEQxhSYFQby7LbjQ5ffex3uJCdaep7XxMpUozkKLwy9DoDvXXVTuOD-HXXHthaCXuQ4j3pj6lZdHaW0Dl-__L5Kh5a1AIVjlHKP1wJS2xUZqDEzkfbBSOgqG0LECGTFabZQyjpNNJ5SQjuL9AUYxOow:1tCzqO:pFN0yTrJUdLMYgz6uob8A_7VjN3V0loB5Oo08yCOoNU", "expire_date": "2024-12-02T11:23:00.203Z"}}, {"model": "sessions.session", "pk": "i806covv7di4fics4ex3egx7sb9cx3p0", "fields": {"session_data": ".eJxVjE0KwjAQRu-StZTE_OrSC9QblJnJhEQxhSYFQby7LbjQ5ffex3uJCdaep7XxMpUozkKLwy9DoDvXXVTuOD-HXXHthaCXuQ4j3pj6lZdHaW0Dl-__L5Kh5a1AIVjlHKP1wJS2xUZqDEzkfbBSOgqG0LECGTFabZQyjpNNJ5SQjuL9AUYxOow:1tBVZ5:f7Gyw4yE9aNXCMDNxwiIzEI-dLunZJ14mq1J6WJaHs8", "expire_date": "2024-11-28T08:50:59.556Z"}}, {"model": "sessions.session", "pk": "pipfocujvjfuw5zljx7pq1eis1w8l62b", "fields": {"session_data": ".eJxVjEsKwjAUAO-StRSaJn3RpRfQG5T3C4liCk0Kgnh3W3Ch25lhXmbCtaVprbpMWczJ9Obwywj5rmUXRRvNz25XWlpmbHku3YVuyu2qyyPXuoHzt_-bJKxpO4j0_QiAhIN6BhT1EUFsQB7YE5A4BgYXFNlJdIMNUVjskWIkgtG8P30zPDg:1t7jII:LzYJpSv4Q5vAXAsGJXK9Qh9mXdAOjcvbdxBfkfhclQE", "expire_date": "2024-11-17T22:42:02.126Z"}}, {"model": "sessions.session", "pk": "puzjvawiimpn3pgmd5zg2inwos8el3kl", "fields": {"session_data": ".eJxVjE0KwjAQRu-StZTE_OrSC9QblJnJhEQxhSYFQby7LbjQ5ffex3uJCdaep7XxMpUozkKLwy9DoDvXXVTuOD-HXXHthaCXuQ4j3pj6lZdHaW0Dl-__L5Kh5a1AIVjlHKP1wJS2xUZqDEzkfbBSOgqG0LECGTFabZQyjpNNJ5SQjuL9AUYxOow:1t8fvS:K5T1BHjmF6xc0Ka57TOTgnCqwz9XTRn4fvvo6mkOTlE", "expire_date": "2024-11-20T13:18:22.684Z"}}, {"model": "dcim.interface", "pk": 14, "fields": {"created": "2024-11-07T11:20:07.988Z", "last_updated": "2024-11-14T09:17:57.856Z", "custom_field_data": {}, "device": 5, "name": "Management0", "label": "", "description": "", "module": null, "cable": null, "cable_end": "", "mark_connected": false, "_path": null, "enabled": true, "mac_address": null, "mtu": null, "mode": "", "parent": null, "bridge": null, "_name": "9999999999999999Management000000............", "lag": null, "type": "1000base-t", "mgmt_only": false, "speed": null, "duplex": null, "wwn": null, "rf_role": "", "rf_channel": "", "rf_channel_frequency": null, "rf_channel_width": null, "tx_power": null, "poe_mode": "", "poe_type": "", "wireless_link": null, "untagged_vlan": null, "vrf": null, "vdcs": [], "wireless_lans": [], "tagged_vlans": []}}, {"model": "dcim.interface", "pk": 16, "fields": {"created": "2024-11-07T11:20:08.073Z", "last_updated": "2024-11-14T09:25:36.650Z", "custom_field_data": {}, "device": 5, "name": "Ethernet1", "label": "", "description": "", "module": null, "cable": 3, "cable_end": "A", "mark_connected": false, "_path": 5, "enabled": true, "mac_address": null, "mtu": null, "mode": "", "parent": null, "bridge": null, "_name": "9999999999999999Ethernet000001............", "lag": null, "type": "1000base-t", "mgmt_only": false, "speed": null, "duplex": null, "wwn": null, "rf_role": "", "rf_channel": "", "rf_channel_frequency": null, "rf_channel_width": null, "tx_power": null, "poe_mode": "", "poe_type": "", "wireless_link": null, "untagged_vlan": null, "vrf": null, "vdcs": [], "wireless_lans": [], "tagged_vlans": []}}, {"model": "dcim.interface", "pk": 17, "fields": {"created": "2024-11-07T11:20:08.107Z", "last_updated": "2024-11-14T09:25:47.551Z", "custom_field_data": {}, "device": 5, "name": "Ethernet2", "label": "", "description": "", "module": null, "cable": 4, "cable_end": "A", "mark_connected": false, "_path": 7, "enabled": true, "mac_address": null, "mtu": null, "mode": "", "parent": null, "bridge": null, "_name": "9999999999999999Ethernet000002............", "lag": null, "type": "1000base-t", "mgmt_only": false, "speed": null, "duplex": null, "wwn": null, "rf_role": "", "rf_channel": "", "rf_channel_frequency": null, "rf_channel_width": null, "tx_power": null, "poe_mode": "", "poe_type": "", "wireless_link": null, "untagged_vlan": null, "vrf": null, "vdcs": [], "wireless_lans": [], "tagged_vlans": []}}, {"model": "dcim.interface", "pk": 18, "fields": {"created": "2024-11-07T11:20:08.155Z", "last_updated": "2024-11-14T09:25:53.685Z", "custom_field_data": {}, "device": 5, "name": "Ethernet3", "label": "", "description": "", "module": null, "cable": 5, "cable_end": "A", "mark_connected": false, "_path": 9, "enabled": true, "mac_address": null, "mtu": null, "mode": "", "parent": null, "bridge": null, "_name": "9999999999999999Ethernet000003............", "lag": null, "type": "1000base-t", "mgmt_only": false, "speed": null, "duplex": null, "wwn": null, "rf_role": "", "rf_channel": "", "rf_channel_frequency": null, "rf_channel_width": null, "tx_power": null, "poe_mode": "", "poe_type": "", "wireless_link": null, "untagged_vlan": null, "vrf": null, "vdcs": [], "wireless_lans": [], "tagged_vlans": []}}, {"model": "dcim.interface", "pk": 19, "fields": {"created": "2024-11-07T11:20:08.195Z", "last_updated": "2024-11-14T09:51:58.144Z", "custom_field_data": {}, "device": 6, "name": "eth0", "label": "", "description": "", "module": null, "cable": null, "cable_end": "", "mark_connected": false, "_path": null, "enabled": true, "mac_address": null, "mtu": null, "mode": "", "parent": null, "bridge": null, "_name": "9999999999999999eth000000............", "lag": null, "type": "100base-tx", "mgmt_only": false, "speed": null, "duplex": null, "wwn": null, "rf_role": "", "rf_channel": "", "rf_channel_frequency": null, "rf_channel_width": null, "tx_power": null, "poe_mode": "", "poe_type": "", "wireless_link": null, "untagged_vlan": null, "vrf": null, "vdcs": [], "wireless_lans": [], "tagged_vlans": []}}, {"model": "dcim.interface", "pk": 21, "fields": {"created": "2024-11-07T11:20:08.269Z", "last_updated": "2024-11-14T09:52:02.961Z", "custom_field_data": {}, "device": 6, "name": "eth1", "label": "", "description": "", "module": null, "cable": 6, "cable_end": "A", "mark_connected": false, "_path": 11, "enabled": true, "mac_address": null, "mtu": null, "mode": "", "parent": null, "bridge": null, "_name": "9999999999999999eth000001............", "lag": null, "type": "1000base-t", "mgmt_only": false, "speed": null, "duplex": null, "wwn": null, "rf_role": "", "rf_channel": "", "rf_channel_frequency": null, "rf_channel_width": null, "tx_power": null, "poe_mode": "", "poe_type": "", "wireless_link": null, "untagged_vlan": null, "vrf": null, "vdcs": [], "wireless_lans": [], "tagged_vlans": []}}, {"model": "dcim.interface", "pk": 22, "fields": {"created": "2024-11-07T11:20:08.310Z", "last_updated": "2024-11-14T09:52:11.070Z", "custom_field_data": {}, "device": 6, "name": "eth2", "label": "", "description": "", "module": null, "cable": 7, "cable_end": "A", "mark_connected": false, "_path": 13, "enabled": true, "mac_address": null, "mtu": null, "mode": "", "parent": null, "bridge": null, "_name": "9999999999999999eth000002............", "lag": null, "type": "1000base-t", "mgmt_only": false, "speed": null, "duplex": null, "wwn": null, "rf_role": "", "rf_channel": "", "rf_channel_frequency": null, "rf_channel_width": null, "tx_power": null, "poe_mode": "", "poe_type": "", "wireless_link": null, "untagged_vlan": null, "vrf": null, "vdcs": [], "wireless_lans": [], "tagged_vlans": []}}, {"model": "dcim.interface", "pk": 23, "fields": {"created": "2024-11-07T11:20:08.350Z", "last_updated": "2024-11-14T09:52:17.002Z", "custom_field_data": {}, "device": 6, "name": "eth3", "label": "", "description": "", "module": null, "cable": 8, "cable_end": "A", "mark_connected": false, "_path": 15, "enabled": true, "mac_address": null, "mtu": null, "mode": "", "parent": null, "bridge": null, "_name": "9999999999999999eth000003............", "lag": null, "type": "1000base-t", "mgmt_only": false, "speed": null, "duplex": null, "wwn": null, "rf_role": "", "rf_channel": "", "rf_channel_frequency": null, "rf_channel_width": null, "tx_power": null, "poe_mode": "", "poe_type": "", "wireless_link": null, "untagged_vlan": null, "vrf": null, "vdcs": [], "wireless_lans": [], "tagged_vlans": []}}, {"model": "dcim.interface", "pk": 24, "fields": {"created": "2024-11-07T11:20:08.378Z", "last_updated": "2024-11-07T11:20:08.378Z", "custom_field_data": {}, "device": 7, "name": "FastEthernet0/0", "label": "", "description": "", "module": null, "cable": null, "cable_end": "", "mark_connected": false, "_path": null, "enabled": true, "mac_address": null, "mtu": null, "mode": "", "parent": null, "bridge": null, "_name": "0000999999999999FastEthernet000000............", "lag": null, "type": "100base-tx", "mgmt_only": false, "speed": null, "duplex": "", "wwn": null, "rf_role": "", "rf_channel": "", "rf_channel_frequency": null, "rf_channel_width": null, "tx_power": null, "poe_mode": "", "poe_type": "", "wireless_link": null, "untagged_vlan": null, "vrf": null, "vdcs": [], "wireless_lans": [], "tagged_vlans": []}}, {"model": "dcim.interface", "pk": 25, "fields": {"created": "2024-11-07T11:20:08.412Z", "last_updated": "2024-11-07T11:20:08.412Z", "custom_field_data": {}, "device": 7, "name": "FastEthernet0/1", "label": "", "description": "", "module": null, "cable": null, "cable_end": "", "mark_connected": false, "_path": null, "enabled": true, "mac_address": null, "mtu": null, "mode": "", "parent": null, "bridge": null, "_name": "0000999999999999FastEthernet000001............", "lag": null, "type": "100base-tx", "mgmt_only": false, "speed": null, "duplex": "", "wwn": null, "rf_role": "", "rf_channel": "", "rf_channel_frequency": null, "rf_channel_width": null, "tx_power": null, "poe_mode": "", "poe_type": "", "wireless_link": null, "untagged_vlan": null, "vrf": null, "vdcs": [], "wireless_lans": [], "tagged_vlans": []}}, {"model": "dcim.interface", "pk": 26, "fields": {"created": "2024-11-07T11:20:08.445Z", "last_updated": "2024-11-07T11:20:08.445Z", "custom_field_data": {}, "device": 7, "name": "GigabitEthernet1/0", "label": "", "description": "", "module": null, "cable": 3, "cable_end": "B", "mark_connected": false, "_path": 6, "enabled": true, "mac_address": null, "mtu": null, "mode": "", "parent": null, "bridge": null, "_name": "0001999999999999GigabitEthernet000000............", "lag": null, "type": "1000base-t", "mgmt_only": false, "speed": null, "duplex": "", "wwn": null, "rf_role": "", "rf_channel": "", "rf_channel_frequency": null, "rf_channel_width": null, "tx_power": null, "poe_mode": "", "poe_type": "", "wireless_link": null, "untagged_vlan": null, "vrf": null, "vdcs": [], "wireless_lans": [], "tagged_vlans": []}}, {"model": "dcim.interface", "pk": 27, "fields": {"created": "2024-11-07T11:20:08.491Z", "last_updated": "2024-11-07T11:20:08.491Z", "custom_field_data": {}, "device": 7, "name": "GigabitEthernet2/0", "label": "", "description": "", "module": null, "cable": 6, "cable_end": "B", "mark_connected": false, "_path": 12, "enabled": true, "mac_address": null, "mtu": null, "mode": "", "parent": null, "bridge": null, "_name": "0002999999999999GigabitEthernet000000............", "lag": null, "type": "1000base-t", "mgmt_only": false, "speed": null, "duplex": "", "wwn": null, "rf_role": "", "rf_channel": "", "rf_channel_frequency": null, "rf_channel_width": null, "tx_power": null, "poe_mode": "", "poe_type": "", "wireless_link": null, "untagged_vlan": null, "vrf": null, "vdcs": [], "wireless_lans": [], "tagged_vlans": []}}, {"model": "dcim.interface", "pk": 29, "fields": {"created": "2024-11-07T11:20:08.588Z", "last_updated": "2024-11-07T11:20:08.588Z", "custom_field_data": {}, "device": 7, "name": "Loopback0", "label": "", "description": "", "module": null, "cable": null, "cable_end": "", "mark_connected": false, "_path": null, "enabled": true, "mac_address": null, "mtu": null, "mode": "", "parent": null, "bridge": null, "_name": "9999999999999999Loopback000000............", "lag": null, "type": "virtual", "mgmt_only": false, "speed": null, "duplex": "", "wwn": null, "rf_role": "", "rf_channel": "", "rf_channel_frequency": null, "rf_channel_width": null, "tx_power": null, "poe_mode": "", "poe_type": "", "wireless_link": null, "untagged_vlan": null, "vrf": null, "vdcs": [], "wireless_lans": [], "tagged_vlans": []}}, {"model": "dcim.interface", "pk": 30, "fields": {"created": "2024-11-07T11:20:08.638Z", "last_updated": "2024-11-14T10:02:27.737Z", "custom_field_data": {}, "device": 8, "name": "eth0", "label": "", "description": "", "module": null, "cable": null, "cable_end": "", "mark_connected": false, "_path": null, "enabled": true, "mac_address": null, "mtu": null, "mode": "", "parent": null, "bridge": null, "_name": "9999999999999999eth000000............", "lag": null, "type": "1000base-t", "mgmt_only": false, "speed": null, "duplex": null, "wwn": null, "rf_role": "", "rf_channel": "", "rf_channel_frequency": null, "rf_channel_width": null, "tx_power": null, "poe_mode": "", "poe_type": "", "wireless_link": null, "untagged_vlan": null, "vrf": null, "vdcs": [], "wireless_lans": [], "tagged_vlans": []}}, {"model": "dcim.interface", "pk": 32, "fields": {"created": "2024-11-07T11:20:08.746Z", "last_updated": "2024-11-14T10:02:49.036Z", "custom_field_data": {}, "device": 8, "name": "eth1", "label": "", "description": "", "module": null, "cable": 4, "cable_end": "B", "mark_connected": false, "_path": 8, "enabled": true, "mac_address": null, "mtu": null, "mode": "", "parent": null, "bridge": null, "_name": "9999999999999999eth000001............", "lag": null, "type": "1000base-t", "mgmt_only": false, "speed": null, "duplex": null, "wwn": null, "rf_role": "", "rf_channel": "", "rf_channel_frequency": null, "rf_channel_width": null, "tx_power": null, "poe_mode": "", "poe_type": "", "wireless_link": null, "untagged_vlan": null, "vrf": null, "vdcs": [], "wireless_lans": [], "tagged_vlans": []}}, {"model": "dcim.interface", "pk": 33, "fields": {"created": "2024-11-07T11:20:08.800Z", "last_updated": "2024-11-14T10:02:56.366Z", "custom_field_data": {}, "device": 8, "name": "eth2", "label": "", "description": "", "module": null, "cable": 7, "cable_end": "B", "mark_connected": false, "_path": 14, "enabled": true, "mac_address": null, "mtu": null, "mode": "", "parent": null, "bridge": null, "_name": "9999999999999999eth000002............", "lag": null, "type": "1000base-t", "mgmt_only": false, "speed": null, "duplex": null, "wwn": null, "rf_role": "", "rf_channel": "", "rf_channel_frequency": null, "rf_channel_width": null, "tx_power": null, "poe_mode": "", "poe_type": "", "wireless_link": null, "untagged_vlan": null, "vrf": null, "vdcs": [], "wireless_lans": [], "tagged_vlans": []}}, {"model": "dcim.interface", "pk": 34, "fields": {"created": "2024-11-07T11:20:08.852Z", "last_updated": "2024-11-14T10:03:03.514Z", "custom_field_data": {}, "device": 8, "name": "eth3", "label": "", "description": "", "module": null, "cable": null, "cable_end": "", "mark_connected": false, "_path": null, "enabled": true, "mac_address": null, "mtu": null, "mode": "", "parent": null, "bridge": null, "_name": "9999999999999999eth000003............", "lag": null, "type": "1000base-t", "mgmt_only": false, "speed": null, "duplex": null, "wwn": null, "rf_role": "", "rf_channel": "", "rf_channel_frequency": null, "rf_channel_width": null, "tx_power": null, "poe_mode": "", "poe_type": "", "wireless_link": null, "untagged_vlan": null, "vrf": null, "vdcs": [], "wireless_lans": [], "tagged_vlans": []}}, {"model": "dcim.interface", "pk": 35, "fields": {"created": "2024-11-07T11:20:08.903Z", "last_updated": "2024-11-14T10:05:55.827Z", "custom_field_data": {}, "device": 8, "name": "lo", "label": "", "description": "", "module": null, "cable": null, "cable_end": "", "mark_connected": false, "_path": null, "enabled": true, "mac_address": null, "mtu": null, "mode": "", "parent": null, "bridge": null, "_name": "9999999999999999lo..................", "lag": null, "type": "virtual", "mgmt_only": false, "speed": null, "duplex": null, "wwn": null, "rf_role": "", "rf_channel": "", "rf_channel_frequency": null, "rf_channel_width": null, "tx_power": null, "poe_mode": "", "poe_type": "", "wireless_link": null, "untagged_vlan": null, "vrf": null, "vdcs": [], "wireless_lans": [], "tagged_vlans": []}}, {"model": "dcim.interface", "pk": 36, "fields": {"created": "2024-11-07T11:20:08.966Z", "last_updated": "2024-11-07T11:20:08.966Z", "custom_field_data": {}, "device": 9, "name": "FastEthernet0/0", "label": "", "description": "", "module": null, "cable": null, "cable_end": "", "mark_connected": false, "_path": null, "enabled": true, "mac_address": null, "mtu": null, "mode": "", "parent": null, "bridge": null, "_name": "0000999999999999FastEthernet000000............", "lag": null, "type": "100base-tx", "mgmt_only": false, "speed": null, "duplex": "", "wwn": null, "rf_role": "", "rf_channel": "", "rf_channel_frequency": null, "rf_channel_width": null, "tx_power": null, "poe_mode": "", "poe_type": "", "wireless_link": null, "untagged_vlan": null, "vrf": null, "vdcs": [], "wireless_lans": [], "tagged_vlans": []}}, {"model": "dcim.interface", "pk": 37, "fields": {"created": "2024-11-07T11:20:08.997Z", "last_updated": "2024-11-07T11:20:08.997Z", "custom_field_data": {}, "device": 9, "name": "FastEthernet0/1", "label": "", "description": "", "module": null, "cable": null, "cable_end": "", "mark_connected": false, "_path": null, "enabled": true, "mac_address": null, "mtu": null, "mode": "", "parent": null, "bridge": null, "_name": "0000999999999999FastEthernet000001............", "lag": null, "type": "100base-tx", "mgmt_only": false, "speed": null, "duplex": "", "wwn": null, "rf_role": "", "rf_channel": "", "rf_channel_frequency": null, "rf_channel_width": null, "tx_power": null, "poe_mode": "", "poe_type": "", "wireless_link": null, "untagged_vlan": null, "vrf": null, "vdcs": [], "wireless_lans": [], "tagged_vlans": []}}, {"model": "dcim.interface", "pk": 38, "fields": {"created": "2024-11-07T11:20:09.021Z", "last_updated": "2024-11-07T11:20:09.021Z", "custom_field_data": {}, "device": 9, "name": "GigabitEthernet1/0", "label": "", "description": "", "module": null, "cable": 5, "cable_end": "B", "mark_connected": false, "_path": 10, "enabled": true, "mac_address": null, "mtu": null, "mode": "", "parent": null, "bridge": null, "_name": "0001999999999999GigabitEthernet000000............", "lag": null, "type": "1000base-t", "mgmt_only": false, "speed": null, "duplex": "", "wwn": null, "rf_role": "", "rf_channel": "", "rf_channel_frequency": null, "rf_channel_width": null, "tx_power": null, "poe_mode": "", "poe_type": "", "wireless_link": null, "untagged_vlan": null, "vrf": null, "vdcs": [], "wireless_lans": [], "tagged_vlans": []}}, {"model": "dcim.interface", "pk": 39, "fields": {"created": "2024-11-07T11:20:09.052Z", "last_updated": "2024-11-07T11:20:09.052Z", "custom_field_data": {}, "device": 9, "name": "GigabitEthernet2/0", "label": "", "description": "", "module": null, "cable": 8, "cable_end": "B", "mark_connected": false, "_path": 16, "enabled": true, "mac_address": null, "mtu": null, "mode": "", "parent": null, "bridge": null, "_name": "0002999999999999GigabitEthernet000000............", "lag": null, "type": "1000base-t", "mgmt_only": false, "speed": null, "duplex": "", "wwn": null, "rf_role": "", "rf_channel": "", "rf_channel_frequency": null, "rf_channel_width": null, "tx_power": null, "poe_mode": "", "poe_type": "", "wireless_link": null, "untagged_vlan": null, "vrf": null, "vdcs": [], "wireless_lans": [], "tagged_vlans": []}}, {"model": "dcim.interface", "pk": 41, "fields": {"created": "2024-11-07T11:20:09.333Z", "last_updated": "2024-11-07T11:20:09.333Z", "custom_field_data": {}, "device": 9, "name": "Loopback0", "label": "", "description": "", "module": null, "cable": null, "cable_end": "", "mark_connected": false, "_path": null, "enabled": true, "mac_address": null, "mtu": null, "mode": "", "parent": null, "bridge": null, "_name": "9999999999999999Loopback000000............", "lag": null, "type": "virtual", "mgmt_only": false, "speed": null, "duplex": "", "wwn": null, "rf_role": "", "rf_channel": "", "rf_channel_frequency": null, "rf_channel_width": null, "tx_power": null, "poe_mode": "", "poe_type": "", "wireless_link": null, "untagged_vlan": null, "vrf": null, "vdcs": [], "wireless_lans": [], "tagged_vlans": []}}, {"model": "dcim.cable", "pk": 3, "fields": {"created": "2024-11-07T11:20:22.435Z", "last_updated": "2024-11-07T11:20:22.435Z", "custom_field_data": {}, "description": "", "comments": "", "type": "", "status": "connected", "tenant": null, "label": "", "color": "", "length": null, "length_unit": "", "_abs_length": null}}, {"model": "dcim.cable", "pk": 4, "fields": {"created": "2024-11-07T11:20:22.537Z", "last_updated": "2024-11-07T11:20:22.537Z", "custom_field_data": {}, "description": "", "comments": "", "type": "", "status": "connected", "tenant": null, "label": "", "color": "", "length": null, "length_unit": "", "_abs_length": null}}, {"model": "dcim.cable", "pk": 5, "fields": {"created": "2024-11-07T11:20:22.584Z", "last_updated": "2024-11-07T11:20:22.584Z", "custom_field_data": {}, "description": "", "comments": "", "type": "", "status": "connected", "tenant": null, "label": "", "color": "", "length": null, "length_unit": "", "_abs_length": null}}, {"model": "dcim.cable", "pk": 6, "fields": {"created": "2024-11-07T11:20:22.616Z", "last_updated": "2024-11-07T11:20:22.616Z", "custom_field_data": {}, "description": "", "comments": "", "type": "", "status": "connected", "tenant": null, "label": "", "color": "", "length": null, "length_unit": "", "_abs_length": null}}, {"model": "dcim.cable", "pk": 7, "fields": {"created": "2024-11-07T11:20:22.655Z", "last_updated": "2024-11-07T11:20:22.655Z", "custom_field_data": {}, "description": "", "comments": "", "type": "", "status": "connected", "tenant": null, "label": "", "color": "", "length": null, "length_unit": "", "_abs_length": null}}, {"model": "dcim.cable", "pk": 8, "fields": {"created": "2024-11-07T11:20:22.704Z", "last_updated": "2024-11-07T11:20:22.704Z", "custom_field_data": {}, "description": "", "comments": "", "type": "", "status": "connected", "tenant": null, "label": "", "color": "", "length": null, "length_unit": "", "_abs_length": null}}, {"model": "dcim.cabletermination", "pk": 5, "fields": {"created": "2024-11-07T11:20:22.479Z", "last_updated": "2024-11-07T11:20:22.479Z", "cable": 3, "cable_end": "A", "termination_type": 42, "termination_id": 16, "_device": 5, "_rack": null, "_location": null, "_site": 1}}, {"model": "dcim.cabletermination", "pk": 6, "fields": {"created": "2024-11-07T11:20:22.487Z", "last_updated": "2024-11-07T11:20:22.487Z", "cable": 3, "cable_end": "B", "termination_type": 42, "termination_id": 26, "_device": 7, "_rack": null, "_location": null, "_site": 1}}, {"model": "dcim.cabletermination", "pk": 7, "fields": {"created": "2024-11-07T11:20:22.545Z", "last_updated": "2024-11-07T11:20:22.545Z", "cable": 4, "cable_end": "A", "termination_type": 42, "termination_id": 17, "_device": 5, "_rack": null, "_location": null, "_site": 1}}, {"model": "dcim.cabletermination", "pk": 8, "fields": {"created": "2024-11-07T11:20:22.553Z", "last_updated": "2024-11-07T11:20:22.554Z", "cable": 4, "cable_end": "B", "termination_type": 42, "termination_id": 32, "_device": 8, "_rack": null, "_location": null, "_site": 1}}, {"model": "dcim.cabletermination", "pk": 9, "fields": {"created": "2024-11-07T11:20:22.592Z", "last_updated": "2024-11-07T11:20:22.592Z", "cable": 5, "cable_end": "A", "termination_type": 42, "termination_id": 18, "_device": 5, "_rack": null, "_location": null, "_site": 1}}, {"model": "dcim.cabletermination", "pk": 10, "fields": {"created": "2024-11-07T11:20:22.594Z", "last_updated": "2024-11-07T11:20:22.594Z", "cable": 5, "cable_end": "B", "termination_type": 42, "termination_id": 38, "_device": 9, "_rack": null, "_location": null, "_site": 1}}, {"model": "dcim.cabletermination", "pk": 11, "fields": {"created": "2024-11-07T11:20:22.628Z", "last_updated": "2024-11-07T11:20:22.628Z", "cable": 6, "cable_end": "A", "termination_type": 42, "termination_id": 21, "_device": 6, "_rack": null, "_location": null, "_site": 1}}, {"model": "dcim.cabletermination", "pk": 12, "fields": {"created": "2024-11-07T11:20:22.634Z", "last_updated": "2024-11-07T11:20:22.634Z", "cable": 6, "cable_end": "B", "termination_type": 42, "termination_id": 27, "_device": 7, "_rack": null, "_location": null, "_site": 1}}, {"model": "dcim.cabletermination", "pk": 13, "fields": {"created": "2024-11-07T11:20:22.672Z", "last_updated": "2024-11-07T11:20:22.672Z", "cable": 7, "cable_end": "A", "termination_type": 42, "termination_id": 22, "_device": 6, "_rack": null, "_location": null, "_site": 1}}, {"model": "dcim.cabletermination", "pk": 14, "fields": {"created": "2024-11-07T11:20:22.675Z", "last_updated": "2024-11-07T11:20:22.675Z", "cable": 7, "cable_end": "B", "termination_type": 42, "termination_id": 33, "_device": 8, "_rack": null, "_location": null, "_site": 1}}, {"model": "dcim.cabletermination", "pk": 15, "fields": {"created": "2024-11-07T11:20:22.712Z", "last_updated": "2024-11-07T11:20:22.712Z", "cable": 8, "cable_end": "A", "termination_type": 42, "termination_id": 23, "_device": 6, "_rack": null, "_location": null, "_site": 1}}, {"model": "dcim.cabletermination", "pk": 16, "fields": {"created": "2024-11-07T11:20:22.715Z", "last_updated": "2024-11-07T11:20:22.715Z", "cable": 8, "cable_end": "B", "termination_type": 42, "termination_id": 39, "_device": 9, "_rack": null, "_location": null, "_site": 1}}, {"model": "dcim.cablepath", "pk": 5, "fields": {"path": [["42:16"], ["29:3"], ["42:26"]], "is_active": true, "is_complete": true, "is_split": false, "_nodes": "[\"42:16\", \"29:3\", \"42:26\"]"}}, {"model": "dcim.cablepath", "pk": 6, "fields": {"path": [["42:26"], ["29:3"], ["42:16"]], "is_active": true, "is_complete": true, "is_split": false, "_nodes": "[\"42:26\", \"29:3\", \"42:16\"]"}}, {"model": "dcim.cablepath", "pk": 7, "fields": {"path": [["42:17"], ["29:4"], ["42:32"]], "is_active": true, "is_complete": true, "is_split": false, "_nodes": "[\"42:17\", \"29:4\", \"42:32\"]"}}, {"model": "dcim.cablepath", "pk": 8, "fields": {"path": [["42:32"], ["29:4"], ["42:17"]], "is_active": true, "is_complete": true, "is_split": false, "_nodes": "[\"42:32\", \"29:4\", \"42:17\"]"}}, {"model": "dcim.cablepath", "pk": 9, "fields": {"path": [["42:18"], ["29:5"], ["42:38"]], "is_active": true, "is_complete": true, "is_split": false, "_nodes": "[\"42:18\", \"29:5\", \"42:38\"]"}}, {"model": "dcim.cablepath", "pk": 10, "fields": {"path": [["42:38"], ["29:5"], ["42:18"]], "is_active": true, "is_complete": true, "is_split": false, "_nodes": "[\"42:38\", \"29:5\", \"42:18\"]"}}, {"model": "dcim.cablepath", "pk": 11, "fields": {"path": [["42:21"], ["29:6"], ["42:27"]], "is_active": true, "is_complete": true, "is_split": false, "_nodes": "[\"42:21\", \"29:6\", \"42:27\"]"}}, {"model": "dcim.cablepath", "pk": 12, "fields": {"path": [["42:27"], ["29:6"], ["42:21"]], "is_active": true, "is_complete": true, "is_split": false, "_nodes": "[\"42:27\", \"29:6\", \"42:21\"]"}}, {"model": "dcim.cablepath", "pk": 13, "fields": {"path": [["42:22"], ["29:7"], ["42:33"]], "is_active": true, "is_complete": true, "is_split": false, "_nodes": "[\"42:22\", \"29:7\", \"42:33\"]"}}, {"model": "dcim.cablepath", "pk": 14, "fields": {"path": [["42:33"], ["29:7"], ["42:22"]], "is_active": true, "is_complete": true, "is_split": false, "_nodes": "[\"42:33\", \"29:7\", \"42:22\"]"}}, {"model": "dcim.cablepath", "pk": 15, "fields": {"path": [["42:23"], ["29:8"], ["42:39"]], "is_active": true, "is_complete": true, "is_split": false, "_nodes": "[\"42:23\", \"29:8\", \"42:39\"]"}}, {"model": "dcim.cablepath", "pk": 16, "fields": {"path": [["42:39"], ["29:8"], ["42:23"]], "is_active": true, "is_complete": true, "is_split": false, "_nodes": "[\"42:39\", \"29:8\", \"42:23\"]"}}, {"model": "dcim.manufacturer", "pk": 1, "fields": {"created": "2024-10-01T19:19:33.598Z", "last_updated": "2024-10-01T19:19:33.598Z", "custom_field_data": {}, "name": "Cisco", "slug": "cisco", "description": ""}}, {"model": "dcim.manufacturer", "pk": 2, "fields": {"created": "2024-10-02T20:33:30.036Z", "last_updated": "2024-10-02T20:33:30.036Z", "custom_field_data": {}, "name": "Huawei", "slug": "huawei", "description": ""}}, {"model": "dcim.manufacturer", "pk": 3, "fields": {"created": "2024-10-02T20:33:30.079Z", "last_updated": "2024-10-02T20:33:30.079Z", "custom_field_data": {}, "name": "Juniper", "slug": "juniper", "description": ""}}, {"model": "dcim.manufacturer", "pk": 4, "fields": {"created": "2024-10-26T17:50:34.106Z", "last_updated": "2024-11-14T09:49:34.886Z", "custom_field_data": {}, "name": "PC", "slug": "pc", "description": ""}}, {"model": "dcim.manufacturer", "pk": 5, "fields": {"created": "2024-11-07T11:18:14.021Z", "last_updated": "2024-11-07T11:18:14.021Z", "custom_field_data": {}, "name": "Arista", "slug": "arista", "description": ""}}, {"model": "dcim.devicetype", "pk": 1, "fields": {"created": "2024-10-01T19:20:26.161Z", "last_updated": "2024-10-01T19:20:26.161Z", "custom_field_data": {}, "description": "", "comments": "", "weight": null, "weight_unit": "", "_abs_weight": null, "manufacturer": 1, "model": "7200", "slug": "C7200", "default_platform": null, "part_number": "", "u_height": "1.0", "exclude_from_utilization": false, "is_full_depth": true, "subdevice_role": "", "airflow": "", "front_image": "", "rear_image": "", "console_port_template_count": 0, "console_server_port_template_count": 0, "power_port_template_count": 0, "power_outlet_template_count": 0, "interface_template_count": 0, "front_port_template_count": 0, "rear_port_template_count": 0, "device_bay_template_count": 0, "module_bay_template_count": 0, "inventory_item_template_count": 0}}, {"model": "dcim.devicetype", "pk": 2, "fields": {"created": "2024-10-26T17:51:07.082Z", "last_updated": "2024-10-26T17:51:07.082Z", "custom_field_data": {}, "description": "", "comments": "", "weight": null, "weight_unit": "", "_abs_weight": null, "manufacturer": 4, "model": "FRR", "slug": "frr", "default_platform": null, "part_number": "", "u_height": "1.0", "exclude_from_utilization": false, "is_full_depth": true, "subdevice_role": "", "airflow": "", "front_image": "", "rear_image": "", "console_port_template_count": 0, "console_server_port_template_count": 0, "power_port_template_count": 0, "power_outlet_template_count": 0, "interface_template_count": 0, "front_port_template_count": 0, "rear_port_template_count": 0, "device_bay_template_count": 0, "module_bay_template_count": 0, "inventory_item_template_count": 0}}, {"model": "dcim.devicetype", "pk": 3, "fields": {"created": "2024-11-14T08:51:59.852Z", "last_updated": "2024-11-14T08:51:59.852Z", "custom_field_data": {}, "description": "", "comments": "", "weight": null, "weight_unit": "", "_abs_weight": null, "manufacturer": 5, "model": "cEOS", "slug": "ceos", "default_platform": null, "part_number": "", "u_height": "1.0", "exclude_from_utilization": false, "is_full_depth": true, "subdevice_role": "", "airflow": "", "front_image": "", "rear_image": "", "console_port_template_count": 0, "console_server_port_template_count": 0, "power_port_template_count": 0, "power_outlet_template_count": 0, "interface_template_count": 0, "front_port_template_count": 0, "rear_port_template_count": 0, "device_bay_template_count": 0, "module_bay_template_count": 0, "inventory_item_template_count": 0}}, {"model": "dcim.devicerole", "pk": 2, "fields": {"created": "2024-11-07T11:19:37.106Z", "last_updated": "2024-11-07T11:19:37.106Z", "custom_field_data": {}, "name": "Spine", "slug": "spine", "description": "", "color": "ff5722", "vm_role": false, "config_template": null}}, {"model": "dcim.devicerole", "pk": 3, "fields": {"created": "2024-11-07T11:19:37.149Z", "last_updated": "2024-11-07T11:19:37.149Z", "custom_field_data": {}, "name": "ToR", "slug": "tor", "description": "", "color": "cddc39", "vm_role": false, "config_template": null}}, {"model": "dcim.devicerole", "pk": 4, "fields": {"created": "2024-11-07T11:19:37.172Z", "last_updated": "2024-11-07T11:19:37.172Z", "custom_field_data": {}, "name": "Unknown", "slug": "unknown", "description": "", "color": "9e9e9e", "vm_role": false, "config_template": null}}, {"model": "dcim.device", "pk": 5, "fields": {"created": "2024-11-07T11:19:54.407Z", "last_updated": "2024-11-18T11:24:20.076Z", "custom_field_data": {"dev_login": null, "dev_password": null}, "description": "", "comments": "", "local_context_data": null, "config_template": null, "device_type": 3, "role": 2, "tenant": null, "platform": null, "name": "spine-1-1.nh.com", "_name": "spine-00000001-00000001.nh.com", "serial": "", "asset_tag": null, "site": 1, "location": null, "rack": null, "position": null, "face": "", "status": "active", "airflow": "", "primary_ip4": 8, "primary_ip6": null, "oob_ip": null, "cluster": null, "virtual_chassis": null, "vc_position": null, "vc_priority": null, "latitude": null, "longitude": null, "console_port_count": 0, "console_server_port_count": 0, "power_port_count": 0, "power_outlet_count": 0, "interface_count": 4, "front_port_count": 0, "rear_port_count": 0, "device_bay_count": 0, "module_bay_count": 0, "inventory_item_count": 0}}, {"model": "dcim.device", "pk": 6, "fields": {"created": "2024-11-07T11:19:54.507Z", "last_updated": "2024-11-18T11:24:12.541Z", "custom_field_data": {"dev_login": null, "dev_password": null}, "description": "", "comments": "", "local_context_data": null, "config_template": null, "device_type": 2, "role": 2, "tenant": null, "platform": null, "name": "spine-1-2.nh.com", "_name": "spine-00000001-00000002.nh.com", "serial": "", "asset_tag": null, "site": 1, "location": null, "rack": null, "position": null, "face": "", "status": "active", "airflow": "", "primary_ip4": 9, "primary_ip6": null, "oob_ip": null, "cluster": null, "virtual_chassis": null, "vc_position": null, "vc_priority": null, "latitude": null, "longitude": null, "console_port_count": 0, "console_server_port_count": 0, "power_port_count": 0, "power_outlet_count": 0, "interface_count": 4, "front_port_count": 0, "rear_port_count": 0, "device_bay_count": 0, "module_bay_count": 0, "inventory_item_count": 0}}, {"model": "dcim.device", "pk": 7, "fields": {"created": "2024-11-07T11:19:54.546Z", "last_updated": "2024-11-18T11:24:03.316Z", "custom_field_data": {"dev_login": null, "dev_password": null}, "description": "", "comments": "", "local_context_data": null, "config_template": null, "device_type": 1, "role": 3, "tenant": null, "platform": null, "name": "tor-1-1.nh.com", "_name": "tor-00000001-00000001.nh.com", "serial": "", "asset_tag": null, "site": 1, "location": null, "rack": null, "position": null, "face": "", "status": "active", "airflow": "", "primary_ip4": 10, "primary_ip6": null, "oob_ip": null, "cluster": null, "virtual_chassis": null, "vc_position": null, "vc_priority": null, "latitude": null, "longitude": null, "console_port_count": 0, "console_server_port_count": 0, "power_port_count": 0, "power_outlet_count": 0, "interface_count": 5, "front_port_count": 0, "rear_port_count": 0, "device_bay_count": 0, "module_bay_count": 0, "inventory_item_count": 0}}, {"model": "dcim.device", "pk": 8, "fields": {"created": "2024-11-07T11:19:54.578Z", "last_updated": "2024-11-18T11:23:55.474Z", "custom_field_data": {"dev_login": null, "dev_password": null}, "description": "", "comments": "", "local_context_data": null, "config_template": null, "device_type": 2, "role": 3, "tenant": null, "platform": null, "name": "tor-1-2.nh.com", "_name": "tor-00000001-00000002.nh.com", "serial": "", "asset_tag": null, "site": 1, "location": null, "rack": null, "position": null, "face": "", "status": "active", "airflow": "", "primary_ip4": 11, "primary_ip6": null, "oob_ip": null, "cluster": null, "virtual_chassis": null, "vc_position": null, "vc_priority": null, "latitude": null, "longitude": null, "console_port_count": 0, "console_server_port_count": 0, "power_port_count": 0, "power_outlet_count": 0, "interface_count": 5, "front_port_count": 0, "rear_port_count": 0, "device_bay_count": 0, "module_bay_count": 0, "inventory_item_count": 0}}, {"model": "dcim.device", "pk": 9, "fields": {"created": "2024-11-07T11:19:54.615Z", "last_updated": "2024-11-18T11:23:44.639Z", "custom_field_data": {"dev_login": null, "dev_password": null}, "description": "", "comments": "", "local_context_data": null, "config_template": null, "device_type": 1, "role": 3, "tenant": null, "platform": null, "name": "tor-1-3.nh.com", "_name": "tor-00000001-00000003.nh.com", "serial": "", "asset_tag": null, "site": 1, "location": null, "rack": null, "position": null, "face": "", "status": "active", "airflow": "", "primary_ip4": 12, "primary_ip6": null, "oob_ip": null, "cluster": null, "virtual_chassis": null, "vc_position": null, "vc_priority": null, "latitude": null, "longitude": null, "console_port_count": 0, "console_server_port_count": 0, "power_port_count": 0, "power_outlet_count": 0, "interface_count": 5, "front_port_count": 0, "rear_port_count": 0, "device_bay_count": 0, "module_bay_count": 0, "inventory_item_count": 0}}, {"model": "dcim.site", "pk": 1, "fields": {"created": "2024-10-01T19:21:03.282Z", "last_updated": "2024-10-01T19:21:03.282Z", "custom_field_data": {}, "description": "", "comments": "", "name": "lab", "_name": "lab", "slug": "lab", "status": "active", "region": null, "group": null, "tenant": null, "facility": "", "time_zone": null, "physical_address": "", "shipping_address": "", "latitude": null, "longitude": null, "asns": []}}, {"model": "ipam.ipaddress", "pk": 8, "fields": {"created": "2024-11-07T11:20:33.404Z", "last_updated": "2024-11-18T11:24:20.066Z", "custom_field_data": {}, "description": "", "comments": "", "address": "172.20.0.101/24", "vrf": null, "tenant": null, "status": "active", "role": "", "assigned_object_type": 42, "assigned_object_id": 14, "nat_inside": null, "dns_name": ""}}, {"model": "ipam.ipaddress", "pk": 9, "fields": {"created": "2024-11-07T11:20:33.432Z", "last_updated": "2024-11-18T11:24:12.528Z", "custom_field_data": {}, "description": "", "comments": "", "address": "172.20.0.102/24", "vrf": null, "tenant": null, "status": "active", "role": "", "assigned_object_type": 42, "assigned_object_id": 19, "nat_inside": null, "dns_name": ""}}, {"model": "ipam.ipaddress", "pk": 10, "fields": {"created": "2024-11-07T11:20:33.454Z", "last_updated": "2024-11-18T11:24:03.306Z", "custom_field_data": {}, "description": "", "comments": "", "address": "172.20.0.103/24", "vrf": null, "tenant": null, "status": "active", "role": "", "assigned_object_type": 42, "assigned_object_id": 24, "nat_inside": null, "dns_name": ""}}, {"model": "ipam.ipaddress", "pk": 11, "fields": {"created": "2024-11-07T11:20:33.475Z", "last_updated": "2024-11-18T11:23:55.462Z", "custom_field_data": {}, "description": "", "comments": "", "address": "172.20.0.104/24", "vrf": null, "tenant": null, "status": "active", "role": "", "assigned_object_type": 42, "assigned_object_id": 30, "nat_inside": null, "dns_name": ""}}, {"model": "ipam.ipaddress", "pk": 12, "fields": {"created": "2024-11-07T11:20:33.499Z", "last_updated": "2024-11-18T11:23:44.628Z", "custom_field_data": {}, "description": "", "comments": "", "address": "172.20.0.105/24", "vrf": null, "tenant": null, "status": "active", "role": "", "assigned_object_type": 42, "assigned_object_id": 36, "nat_inside": null, "dns_name": ""}}, {"model": "ipam.ipaddress", "pk": 13, "fields": {"created": "2024-11-07T11:20:33.528Z", "last_updated": "2024-11-07T11:20:33.528Z", "custom_field_data": {}, "description": "", "comments": "", "address": "10.0.0.1/32", "vrf": null, "tenant": null, "status": "active", "role": "", "assigned_object_type": 42, "assigned_object_id": 29, "nat_inside": null, "dns_name": ""}}, {"model": "ipam.ipaddress", "pk": 14, "fields": {"created": "2024-11-07T11:20:33.543Z", "last_updated": "2024-11-07T11:20:33.543Z", "custom_field_data": {}, "description": "", "comments": "", "address": "10.0.0.2/32", "vrf": null, "tenant": null, "status": "active", "role": "", "assigned_object_type": 42, "assigned_object_id": 35, "nat_inside": null, "dns_name": ""}}, {"model": "ipam.ipaddress", "pk": 15, "fields": {"created": "2024-11-07T11:20:33.560Z", "last_updated": "2024-11-07T11:20:33.560Z", "custom_field_data": {}, "description": "", "comments": "", "address": "10.0.0.3/32", "vrf": null, "tenant": null, "status": "active", "role": "", "assigned_object_type": 42, "assigned_object_id": 41, "nat_inside": null, "dns_name": ""}}, {"model": "extras.tag", "pk": 2, "fields": {"name": "maintenance", "slug": "maintenance", "created": "2024-11-07T11:21:24.762Z", "last_updated": "2024-11-07T11:21:24.762Z", "color": "f44336", "description": "", "object_types": []}}, {"model": "extras.customfield", "pk": 1, "fields": {"created": "2024-10-03T19:44:23.128Z", "last_updated": "2024-10-03T19:44:23.128Z", "type": "text", "object_type": null, "name": "dev_login", "label": "", "group_name": "", "description": "", "required": false, "search_weight": 1000, "filter_logic": "loose", "default": null, "weight": 100, "validation_minimum": null, "validation_maximum": null, "validation_regex": "", "choice_set": null, "ui_visible": "always", "ui_editable": "yes", "is_cloneable": false, "content_types": [35]}}, {"model": "extras.customfield", "pk": 2, "fields": {"created": "2024-10-03T19:44:33.298Z", "last_updated": "2024-10-03T19:44:33.298Z", "type": "text", "object_type": null, "name": "dev_password", "label": "", "group_name": "", "description": "", "required": false, "search_weight": 1000, "filter_logic": "loose", "default": null, "weight": 100, "validation_minimum": null, "validation_maximum": null, "validation_regex": "", "choice_set": null, "ui_visible": "always", "ui_editable": "yes", "is_cloneable": false, "content_types": [35]}}, {"model": "users.userconfig", "pk": 3, "fields": {"user": 3, "data": {"tables": {"DeviceTable": {"columns": ["name", "status", "tenant", "site", "location", "rack", "role", "manufacturer", "device_type", "primary_ip", "tags"]}}}}}, {"model": "users.token", "pk": 2, "fields": {"user": 3, "created": "2024-11-06T13:16:20.663Z", "expires": null, "last_used": "2024-11-16T08:20:11.087Z", "key": "a630dcefcb191982869e7576190e79bfd569d33c", "write_enabled": true, "description": "", "allowed_ips": []}}]