[{"model": "auth.user", "pk": 3, "fields": {"password": "pbkdf2_sha256$600000$QGWsgLB9joC3h2AKvOZL91$RU7JB/TPh6Fqx/MYER8t0sudx1vWSYtoL424iBhDKgA=", "last_login": "2024-11-11T10:44:50.302Z", "is_superuser": true, "username": "annet", "first_name": "", "last_name": "", "email": "an@n.et", "is_staff": true, "is_active": true, "date_joined": "2024-11-09T09:50:48.770Z", "groups": [], "user_permissions": []}}, {"model": "sessions.session", "pk": "efra7mxvqpbea08qk1a5sc11xxr93gmg", "fields": {"session_data": ".eJxVjEsKwjAUAO-StRSaJn3RpRfQG5T3C4liCk0Kgnh3W3Ch25lhXmbCtaVprbpMWczJ9Obwywj5rmUXRRvNz25XWlpmbHku3YVuyu2qyyPXuoHzt_-bJKxpO4j0_QiAhIN6BhT1EUFsQB7YE5A4BgYXFNlJdIMNUVjskWIkgtG8P30zPDg:1t7yU3:9W8Bi2yzcmbVqTEwDFdMeAjBGkUgrY4cqXi4poCPhg0", "expire_date": "2024-11-18T14:55:11.899Z"}}, {"model": "sessions.session", "pk": "ouxri6rjqsxl3ogwek4ie61vwirj3mk6", "fields": {"session_data": ".eJxVjEEKwjAUBe-StZS2P_lpXXoBvUHIT580iik0KQji3W3AhW5nhnkp57cyuy1jdXFSR0Xq8MvEhztSFQlFlmdTFVKJwZe4pOYsN4RywfqIOe_g9O3_JrPPc11zj76bZGyZA9tr1xuyMMFgHLzV07CbVjQQhAQaZC2PA2nPmphEq_cHK9I5pg:1t9i8D:0mdysImaGqZ0IpoQs27A6WXWdM9-IXbTDpVvVuunjoE", "expire_date": "2024-11-23T09:51:49.841Z"}}, {"model": "sessions.session", "pk": "oz79qvuskp71w053sgjtzv6wt10qsy26", "fields": {"session_data": ".eJxVjEsKwjAUAO-StRSaJn3RpRfQG5T3C4liCk0Kgnh3W3Ch25lhXmbCtaVprbpMWczJ9Obwywj5rmUXRRvNz25XWlpmbHku3YVuyu2qyyPXuoHzt_-bJKxpO4j0_QiAhIN6BhT1EUFsQB7YE5A4BgYXFNlJdIMNUVjskWIkgtG8P30zPDg:1t05D5:y0FMJsoJlEsvNAF-oXf3YjFMtd6auHqFcU2y8f2osAM", "expire_date": "2024-10-27T20:29:03.863Z"}}, {"model": "sessions.session", "pk": "yn9xyfmkj02vkeaowmpw7v5k3uvmn23h", "fields": {"session_data": ".eJxVjEEKwjAUBe-StZS2P_lpXXoBvUHIT580iik0KQji3W3AhW5nhnkp57cyuy1jdXFSR0Xq8MvEhztSFQlFlmdTFVKJwZe4pOYsN4RywfqIOe_g9O3_JrPPc11zj76bZGyZA9tr1xuyMMFgHLzV07CbVjQQhAQaZC2PA2nPmphEq_cHK9I5pg:1tARuc:LQGRCxKp7mQ5i_IcLGLhDerOAi6sf0LxIoLNJPjplkI", "expire_date": "2024-11-25T10:44:50.307Z"}}, {"model": "sessions.session", "pk": "zhq4kene4x8zvg6ugb8kfkysbkintj0w", "fields": {"session_data": ".eJxVjEsKwjAUAO-StRSaJn3RpRfQG5T3C4liCk0Kgnh3W3Ch25lhXmbCtaVprbpMWczJ9Obwywj5rmUXRRvNz25XWlpmbHku3YVuyu2qyyPXuoHzt_-bJKxpO4j0_QiAhIN6BhT1EUFsQB7YE5A4BgYXFNlJdIMNUVjskWIkgtG8P30zPDg:1t1B1G:E44908t13Oe8156w5S5vBijwHS7NocTyZ2P3bst-fmg", "expire_date": "2024-10-30T20:53:22.984Z"}}, {"model": "dcim.interface", "pk": 14, "fields": {"created": "2024-10-26T17:51:50.269Z", "last_updated": "2024-10-26T17:51:50.269Z", "custom_field_data": {}, "device": 5, "name": "eth0", "label": "", "description": "", "module": null, "cable": null, "cable_end": "", "mark_connected": false, "_path": null, "enabled": true, "mac_address": null, "mtu": null, "mode": "", "parent": null, "bridge": null, "_name": "9999999999999999eth000000............", "lag": null, "type": "virtual", "mgmt_only": false, "speed": null, "duplex": null, "wwn": null, "rf_role": "", "rf_channel": "", "rf_channel_frequency": null, "rf_channel_width": null, "tx_power": null, "poe_mode": "", "poe_type": "", "wireless_link": null, "untagged_vlan": null, "vrf": null, "vdcs": [], "wireless_lans": [], "tagged_vlans": []}}, {"model": "dcim.interface", "pk": 15, "fields": {"created": "2024-10-26T20:36:33.359Z", "last_updated": "2024-10-26T20:36:33.359Z", "custom_field_data": {}, "device": 6, "name": "eth0", "label": "", "description": "", "module": null, "cable": null, "cable_end": "", "mark_connected": false, "_path": null, "enabled": true, "mac_address": null, "mtu": null, "mode": "", "parent": null, "bridge": null, "_name": "9999999999999999eth000000............", "lag": null, "type": "virtual", "mgmt_only": false, "speed": null, "duplex": null, "wwn": null, "rf_role": "", "rf_channel": "", "rf_channel_frequency": null, "rf_channel_width": null, "tx_power": null, "poe_mode": "", "poe_type": "", "wireless_link": null, "untagged_vlan": null, "vrf": null, "vdcs": [], "wireless_lans": [], "tagged_vlans": []}}, {"model": "dcim.interface", "pk": 16, "fields": {"created": "2024-10-26T20:37:55.675Z", "last_updated": "2024-10-26T20:37:55.675Z", "custom_field_data": {}, "device": 7, "name": "eth0", "label": "", "description": "", "module": null, "cable": null, "cable_end": "", "mark_connected": false, "_path": null, "enabled": true, "mac_address": null, "mtu": null, "mode": "", "parent": null, "bridge": null, "_name": "9999999999999999eth000000............", "lag": null, "type": "virtual", "mgmt_only": false, "speed": null, "duplex": null, "wwn": null, "rf_role": "", "rf_channel": "", "rf_channel_frequency": null, "rf_channel_width": null, "tx_power": null, "poe_mode": "", "poe_type": "", "wireless_link": null, "untagged_vlan": null, "vrf": null, "vdcs": [], "wireless_lans": [], "tagged_vlans": []}}, {"model": "dcim.interface", "pk": 17, "fields": {"created": "2024-11-04T14:58:43.175Z", "last_updated": "2024-11-04T15:00:58.182Z", "custom_field_data": {}, "device": 5, "name": "eth1", "label": "", "description": "", "module": null, "cable": 3, "cable_end": "A", "mark_connected": false, "_path": 5, "enabled": true, "mac_address": null, "mtu": null, "mode": "", "parent": null, "bridge": null, "_name": "9999999999999999eth000001............", "lag": null, "type": "1000base-t", "mgmt_only": false, "speed": null, "duplex": null, "wwn": null, "rf_role": "", "rf_channel": "", "rf_channel_frequency": null, "rf_channel_width": null, "tx_power": null, "poe_mode": "", "poe_type": "", "wireless_link": null, "untagged_vlan": null, "vrf": null, "vdcs": [], "wireless_lans": [], "tagged_vlans": []}}, {"model": "dcim.interface", "pk": 18, "fields": {"created": "2024-11-04T14:58:51.069Z", "last_updated": "2024-11-04T15:01:09.821Z", "custom_field_data": {}, "device": 5, "name": "eth2", "label": "", "description": "", "module": null, "cable": 4, "cable_end": "A", "mark_connected": false, "_path": 7, "enabled": true, "mac_address": null, "mtu": null, "mode": "", "parent": null, "bridge": null, "_name": "9999999999999999eth000002............", "lag": null, "type": "1000base-t", "mgmt_only": false, "speed": null, "duplex": null, "wwn": null, "rf_role": "", "rf_channel": "", "rf_channel_frequency": null, "rf_channel_width": null, "tx_power": null, "poe_mode": "", "poe_type": "", "wireless_link": null, "untagged_vlan": null, "vrf": null, "vdcs": [], "wireless_lans": [], "tagged_vlans": []}}, {"model": "dcim.interface", "pk": 19, "fields": {"created": "2024-11-04T14:59:06.006Z", "last_updated": "2024-11-04T15:01:23.897Z", "custom_field_data": {}, "device": 6, "name": "eth1", "label": "", "description": "", "module": null, "cable": 3, "cable_end": "B", "mark_connected": false, "_path": 6, "enabled": true, "mac_address": null, "mtu": null, "mode": "", "parent": null, "bridge": null, "_name": "9999999999999999eth000001............", "lag": null, "type": "1000base-t", "mgmt_only": false, "speed": null, "duplex": null, "wwn": null, "rf_role": "", "rf_channel": "", "rf_channel_frequency": null, "rf_channel_width": null, "tx_power": null, "poe_mode": "", "poe_type": "", "wireless_link": null, "untagged_vlan": null, "vrf": null, "vdcs": [], "wireless_lans": [], "tagged_vlans": []}}, {"model": "dcim.interface", "pk": 20, "fields": {"created": "2024-11-04T14:59:10.322Z", "last_updated": "2024-11-04T15:01:38.422Z", "custom_field_data": {}, "device": 6, "name": "eth2", "label": "", "description": "", "module": null, "cable": 5, "cable_end": "A", "mark_connected": false, "_path": 9, "enabled": true, "mac_address": null, "mtu": null, "mode": "", "parent": null, "bridge": null, "_name": "9999999999999999eth000002............", "lag": null, "type": "1000base-t", "mgmt_only": false, "speed": null, "duplex": null, "wwn": null, "rf_role": "", "rf_channel": "", "rf_channel_frequency": null, "rf_channel_width": null, "tx_power": null, "poe_mode": "", "poe_type": "", "wireless_link": null, "untagged_vlan": null, "vrf": null, "vdcs": [], "wireless_lans": [], "tagged_vlans": []}}, {"model": "dcim.interface", "pk": 21, "fields": {"created": "2024-11-04T14:59:47.389Z", "last_updated": "2024-11-04T15:01:51.051Z", "custom_field_data": {}, "device": 7, "name": "eth1", "label": "", "description": "", "module": null, "cable": 4, "cable_end": "B", "mark_connected": false, "_path": 8, "enabled": true, "mac_address": null, "mtu": null, "mode": "", "parent": null, "bridge": null, "_name": "9999999999999999eth000001............", "lag": null, "type": "1000base-t", "mgmt_only": false, "speed": null, "duplex": null, "wwn": null, "rf_role": "", "rf_channel": "", "rf_channel_frequency": null, "rf_channel_width": null, "tx_power": null, "poe_mode": "", "poe_type": "", "wireless_link": null, "untagged_vlan": null, "vrf": null, "vdcs": [], "wireless_lans": [], "tagged_vlans": []}}, {"model": "dcim.interface", "pk": 22, "fields": {"created": "2024-11-04T14:59:51.983Z", "last_updated": "2024-11-04T15:01:59.346Z", "custom_field_data": {}, "device": 7, "name": "eth2", "label": "", "description": "", "module": null, "cable": 5, "cable_end": "B", "mark_connected": false, "_path": 10, "enabled": true, "mac_address": null, "mtu": null, "mode": "", "parent": null, "bridge": null, "_name": "9999999999999999eth000002............", "lag": null, "type": "1000base-t", "mgmt_only": false, "speed": null, "duplex": null, "wwn": null, "rf_role": "", "rf_channel": "", "rf_channel_frequency": null, "rf_channel_width": null, "tx_power": null, "poe_mode": "", "poe_type": "", "wireless_link": null, "untagged_vlan": null, "vrf": null, "vdcs": [], "wireless_lans": [], "tagged_vlans": []}}, {"model": "dcim.cable", "pk": 1, "fields": {"created": "2024-10-13T21:13:31.422Z", "last_updated": "2024-10-13T21:13:31.422Z", "custom_field_data": {}, "description": "", "comments": "", "type": "", "status": "connected", "tenant": null, "label": "", "color": "", "length": null, "length_unit": "", "_abs_length": null}}, {"model": "dcim.cable", "pk": 2, "fields": {"created": "2024-10-16T21:02:10.871Z", "last_updated": "2024-10-16T21:02:10.871Z", "custom_field_data": {}, "description": "", "comments": "", "type": "", "status": "connected", "tenant": null, "label": "", "color": "", "length": null, "length_unit": "", "_abs_length": null}}, {"model": "dcim.cable", "pk": 3, "fields": {"created": "2024-11-04T15:02:29.983Z", "last_updated": "2024-11-04T15:02:29.983Z", "custom_field_data": {}, "description": "", "comments": "", "type": "", "status": "connected", "tenant": null, "label": "", "color": "", "length": null, "length_unit": "", "_abs_length": null}}, {"model": "dcim.cable", "pk": 4, "fields": {"created": "2024-11-04T15:02:45.972Z", "last_updated": "2024-11-04T15:02:45.972Z", "custom_field_data": {}, "description": "", "comments": "", "type": "", "status": "connected", "tenant": null, "label": "", "color": "", "length": null, "length_unit": "", "_abs_length": null}}, {"model": "dcim.cable", "pk": 5, "fields": {"created": "2024-11-04T15:02:55.653Z", "last_updated": "2024-11-04T15:02:55.653Z", "custom_field_data": {}, "description": "", "comments": "", "type": "", "status": "connected", "tenant": null, "label": "", "color": "", "length": null, "length_unit": "", "_abs_length": null}}, {"model": "dcim.cabletermination", "pk": 5, "fields": {"created": "2024-11-04T15:02:29.994Z", "last_updated": "2024-11-04T15:02:29.994Z", "cable": 3, "cable_end": "A", "termination_type": 42, "termination_id": 17, "_device": 5, "_rack": null, "_location": null, "_site": 1}}, {"model": "dcim.cabletermination", "pk": 6, "fields": {"created": "2024-11-04T15:02:29.998Z", "last_updated": "2024-11-04T15:02:29.998Z", "cable": 3, "cable_end": "B", "termination_type": 42, "termination_id": 19, "_device": 6, "_rack": null, "_location": null, "_site": 1}}, {"model": "dcim.cabletermination", "pk": 7, "fields": {"created": "2024-11-04T15:02:45.983Z", "last_updated": "2024-11-04T15:02:45.983Z", "cable": 4, "cable_end": "A", "termination_type": 42, "termination_id": 18, "_device": 5, "_rack": null, "_location": null, "_site": 1}}, {"model": "dcim.cabletermination", "pk": 8, "fields": {"created": "2024-11-04T15:02:45.987Z", "last_updated": "2024-11-04T15:02:45.987Z", "cable": 4, "cable_end": "B", "termination_type": 42, "termination_id": 21, "_device": 7, "_rack": null, "_location": null, "_site": 1}}, {"model": "dcim.cabletermination", "pk": 9, "fields": {"created": "2024-11-04T15:02:55.663Z", "last_updated": "2024-11-04T15:02:55.663Z", "cable": 5, "cable_end": "A", "termination_type": 42, "termination_id": 20, "_device": 6, "_rack": null, "_location": null, "_site": 1}}, {"model": "dcim.cabletermination", "pk": 10, "fields": {"created": "2024-11-04T15:02:55.666Z", "last_updated": "2024-11-04T15:02:55.666Z", "cable": 5, "cable_end": "B", "termination_type": 42, "termination_id": 22, "_device": 7, "_rack": null, "_location": null, "_site": 1}}, {"model": "dcim.cablepath", "pk": 5, "fields": {"path": [["42:17"], ["29:3"], ["42:19"]], "is_active": true, "is_complete": true, "is_split": false, "_nodes": "[\"42:17\", \"29:3\", \"42:19\"]"}}, {"model": "dcim.cablepath", "pk": 6, "fields": {"path": [["42:19"], ["29:3"], ["42:17"]], "is_active": true, "is_complete": true, "is_split": false, "_nodes": "[\"42:19\", \"29:3\", \"42:17\"]"}}, {"model": "dcim.cablepath", "pk": 7, "fields": {"path": [["42:18"], ["29:4"], ["42:21"]], "is_active": true, "is_complete": true, "is_split": false, "_nodes": "[\"42:18\", \"29:4\", \"42:21\"]"}}, {"model": "dcim.cablepath", "pk": 8, "fields": {"path": [["42:21"], ["29:4"], ["42:18"]], "is_active": true, "is_complete": true, "is_split": false, "_nodes": "[\"42:21\", \"29:4\", \"42:18\"]"}}, {"model": "dcim.cablepath", "pk": 9, "fields": {"path": [["42:20"], ["29:5"], ["42:22"]], "is_active": true, "is_complete": true, "is_split": false, "_nodes": "[\"42:20\", \"29:5\", \"42:22\"]"}}, {"model": "dcim.cablepath", "pk": 10, "fields": {"path": [["42:22"], ["29:5"], ["42:20"]], "is_active": true, "is_complete": true, "is_split": false, "_nodes": "[\"42:22\", \"29:5\", \"42:20\"]"}}, {"model": "dcim.manufacturer", "pk": 1, "fields": {"created": "2024-10-01T19:19:33.598Z", "last_updated": "2024-10-01T19:19:33.598Z", "custom_field_data": {}, "name": "Cisco", "slug": "cisco", "description": ""}}, {"model": "dcim.manufacturer", "pk": 2, "fields": {"created": "2024-10-02T20:33:30.036Z", "last_updated": "2024-10-02T20:33:30.036Z", "custom_field_data": {}, "name": "Huawei", "slug": "huawei", "description": ""}}, {"model": "dcim.manufacturer", "pk": 3, "fields": {"created": "2024-10-02T20:33:30.079Z", "last_updated": "2024-10-02T20:33:30.079Z", "custom_field_data": {}, "name": "Juniper", "slug": "juniper", "description": ""}}, {"model": "dcim.manufacturer", "pk": 4, "fields": {"created": "2024-10-26T17:50:34.106Z", "last_updated": "2024-10-26T17:50:34.106Z", "custom_field_data": {}, "name": "FRR", "slug": "frr", "description": ""}}, {"model": "dcim.manufacturer", "pk": 5, "fields": {"created": "2024-11-09T09:48:10.634Z", "last_updated": "2024-11-09T09:48:10.634Z", "custom_field_data": {}, "name": "PC", "slug": "pc", "description": ""}}, {"model": "dcim.devicetype", "pk": 1, "fields": {"created": "2024-10-01T19:20:26.161Z", "last_updated": "2024-10-01T19:20:26.161Z", "custom_field_data": {}, "description": "", "comments": "", "weight": null, "weight_unit": "", "_abs_weight": null, "manufacturer": 1, "model": "7200", "slug": "C7200", "default_platform": null, "part_number": "", "u_height": "1.0", "exclude_from_utilization": false, "is_full_depth": true, "subdevice_role": "", "airflow": "", "front_image": "", "rear_image": "", "console_port_template_count": 0, "console_server_port_template_count": 0, "power_port_template_count": 0, "power_outlet_template_count": 0, "interface_template_count": 0, "front_port_template_count": 0, "rear_port_template_count": 0, "device_bay_template_count": 0, "module_bay_template_count": 0, "inventory_item_template_count": 0}}, {"model": "dcim.devicetype", "pk": 2, "fields": {"created": "2024-10-26T17:51:07.082Z", "last_updated": "2024-11-09T09:48:32.751Z", "custom_field_data": {}, "description": "", "comments": "", "weight": null, "weight_unit": "", "_abs_weight": null, "manufacturer": 5, "model": "FRR", "slug": "frr", "default_platform": null, "part_number": "", "u_height": "1.0", "exclude_from_utilization": false, "is_full_depth": true, "subdevice_role": "", "airflow": "", "front_image": "", "rear_image": "", "console_port_template_count": 0, "console_server_port_template_count": 0, "power_port_template_count": 0, "power_outlet_template_count": 0, "interface_template_count": 0, "front_port_template_count": 0, "rear_port_template_count": 0, "device_bay_template_count": 0, "module_bay_template_count": 0, "inventory_item_template_count": 0}}, {"model": "dcim.devicerole", "pk": 1, "fields": {"created": "2024-10-01T19:19:05.467Z", "last_updated": "2024-10-01T19:19:05.467Z", "custom_field_data": {}, "name": "Router", "slug": "router", "description": "", "color": "9e9e9e", "vm_role": true, "config_template": null}}, {"model": "dcim.device", "pk": 5, "fields": {"created": "2024-10-26T17:51:24.531Z", "last_updated": "2024-11-11T10:56:02.402Z", "custom_field_data": {"dev_login": null, "dev_password": null}, "description": "", "comments": "", "local_context_data": null, "config_template": null, "device_type": 2, "role": 1, "tenant": null, "platform": null, "name": "frr-r1.nh.com", "_name": "frr-r00000001.nh.com", "serial": "", "asset_tag": null, "site": 1, "location": null, "rack": null, "position": null, "face": "", "status": "active", "airflow": "", "primary_ip4": 8, "primary_ip6": null, "oob_ip": null, "cluster": null, "virtual_chassis": null, "vc_position": null, "vc_priority": null, "latitude": null, "longitude": null, "console_port_count": 0, "console_server_port_count": 0, "power_port_count": 0, "power_outlet_count": 0, "interface_count": 3, "front_port_count": 0, "rear_port_count": 0, "device_bay_count": 0, "module_bay_count": 0, "inventory_item_count": 0}}, {"model": "dcim.device", "pk": 6, "fields": {"created": "2024-10-26T20:34:55.255Z", "last_updated": "2024-11-11T10:56:10.080Z", "custom_field_data": {"dev_login": null, "dev_password": null}, "description": "", "comments": "", "local_context_data": null, "config_template": null, "device_type": 2, "role": 1, "tenant": null, "platform": null, "name": "frr-r2.nh.com", "_name": "frr-r00000002.nh.com", "serial": "", "asset_tag": null, "site": 1, "location": null, "rack": null, "position": null, "face": "", "status": "active", "airflow": "", "primary_ip4": 9, "primary_ip6": null, "oob_ip": null, "cluster": null, "virtual_chassis": null, "vc_position": null, "vc_priority": null, "latitude": null, "longitude": null, "console_port_count": 0, "console_server_port_count": 0, "power_port_count": 0, "power_outlet_count": 0, "interface_count": 3, "front_port_count": 0, "rear_port_count": 0, "device_bay_count": 0, "module_bay_count": 0, "inventory_item_count": 0}}, {"model": "dcim.device", "pk": 7, "fields": {"created": "2024-10-26T20:37:33.933Z", "last_updated": "2024-11-11T10:56:16.882Z", "custom_field_data": {"dev_login": null, "dev_password": null}, "description": "", "comments": "", "local_context_data": null, "config_template": null, "device_type": 2, "role": 1, "tenant": null, "platform": null, "name": "frr-r3.nh.com", "_name": "frr-r00000003.nh.com", "serial": "", "asset_tag": null, "site": 1, "location": null, "rack": null, "position": null, "face": "", "status": "active", "airflow": "", "primary_ip4": 10, "primary_ip6": null, "oob_ip": null, "cluster": null, "virtual_chassis": null, "vc_position": null, "vc_priority": null, "latitude": null, "longitude": null, "console_port_count": 0, "console_server_port_count": 0, "power_port_count": 0, "power_outlet_count": 0, "interface_count": 3, "front_port_count": 0, "rear_port_count": 0, "device_bay_count": 0, "module_bay_count": 0, "inventory_item_count": 0}}, {"model": "dcim.site", "pk": 1, "fields": {"created": "2024-10-01T19:21:03.282Z", "last_updated": "2024-10-01T19:21:03.282Z", "custom_field_data": {}, "description": "", "comments": "", "name": "lab", "_name": "lab", "slug": "lab", "status": "active", "region": null, "group": null, "tenant": null, "facility": "", "time_zone": null, "physical_address": "", "shipping_address": "", "latitude": null, "longitude": null, "asns": []}}, {"model": "ipam.ipaddress", "pk": 8, "fields": {"created": "2024-10-26T17:52:12.683Z", "last_updated": "2024-11-11T10:56:02.386Z", "custom_field_data": {}, "description": "", "comments": "", "address": "172.20.0.111/24", "vrf": null, "tenant": null, "status": "active", "role": "", "assigned_object_type": 42, "assigned_object_id": 14, "nat_inside": null, "dns_name": ""}}, {"model": "ipam.ipaddress", "pk": 9, "fields": {"created": "2024-10-26T20:36:46.814Z", "last_updated": "2024-11-11T10:56:10.068Z", "custom_field_data": {}, "description": "", "comments": "", "address": "172.20.0.112/24", "vrf": null, "tenant": null, "status": "active", "role": "", "assigned_object_type": 42, "assigned_object_id": 15, "nat_inside": null, "dns_name": ""}}, {"model": "ipam.ipaddress", "pk": 10, "fields": {"created": "2024-10-26T20:38:07.981Z", "last_updated": "2024-11-11T10:56:16.865Z", "custom_field_data": {}, "description": "", "comments": "", "address": "172.20.0.113/24", "vrf": null, "tenant": null, "status": "active", "role": "", "assigned_object_type": 42, "assigned_object_id": 16, "nat_inside": null, "dns_name": ""}}, {"model": "ipam.ipaddress", "pk": 11, "fields": {"created": "2024-11-11T10:48:11.699Z", "last_updated": "2024-11-11T10:48:11.699Z", "custom_field_data": {}, "description": "", "comments": "", "address": "10.0.1.12/24", "vrf": null, "tenant": null, "status": "active", "role": "", "assigned_object_type": 42, "assigned_object_id": 17, "nat_inside": null, "dns_name": ""}}, {"model": "ipam.ipaddress", "pk": 12, "fields": {"created": "2024-11-11T10:48:41.229Z", "last_updated": "2024-11-11T10:48:41.229Z", "custom_field_data": {}, "description": "", "comments": "", "address": "10.0.2.13/24", "vrf": null, "tenant": null, "status": "active", "role": "", "assigned_object_type": 42, "assigned_object_id": 18, "nat_inside": null, "dns_name": ""}}, {"model": "ipam.ipaddress", "pk": 13, "fields": {"created": "2024-11-11T10:49:05.004Z", "last_updated": "2024-11-11T10:49:05.004Z", "custom_field_data": {}, "description": "", "comments": "", "address": "10.0.1.21/24", "vrf": null, "tenant": null, "status": "active", "role": "", "assigned_object_type": 42, "assigned_object_id": 19, "nat_inside": null, "dns_name": ""}}, {"model": "ipam.ipaddress", "pk": 14, "fields": {"created": "2024-11-11T10:49:31.399Z", "last_updated": "2024-11-11T10:49:31.399Z", "custom_field_data": {}, "description": "", "comments": "", "address": "10.0.3.23/24", "vrf": null, "tenant": null, "status": "active", "role": "", "assigned_object_type": 42, "assigned_object_id": 20, "nat_inside": null, "dns_name": ""}}, {"model": "ipam.ipaddress", "pk": 15, "fields": {"created": "2024-11-11T10:49:55.346Z", "last_updated": "2024-11-11T10:49:55.346Z", "custom_field_data": {}, "description": "", "comments": "", "address": "10.0.2.31/24", "vrf": null, "tenant": null, "status": "active", "role": "", "assigned_object_type": 42, "assigned_object_id": 21, "nat_inside": null, "dns_name": ""}}, {"model": "ipam.ipaddress", "pk": 16, "fields": {"created": "2024-11-11T10:50:19.257Z", "last_updated": "2024-11-11T10:50:19.257Z", "custom_field_data": {}, "description": "", "comments": "", "address": "10.0.3.32/24", "vrf": null, "tenant": null, "status": "active", "role": "", "assigned_object_type": 42, "assigned_object_id": 22, "nat_inside": null, "dns_name": ""}}, {"model": "extras.tag", "pk": 1, "fields": {"name": "lab", "slug": "lab", "created": "2024-10-13T14:27:18.873Z", "last_updated": "2024-10-13T14:27:18.873Z", "color": "9e9e9e", "description": "", "object_types": []}}, {"model": "extras.customfield", "pk": 1, "fields": {"created": "2024-10-03T19:44:23.128Z", "last_updated": "2024-10-03T19:44:23.128Z", "type": "text", "object_type": null, "name": "dev_login", "label": "", "group_name": "", "description": "", "required": false, "search_weight": 1000, "filter_logic": "loose", "default": null, "weight": 100, "validation_minimum": null, "validation_maximum": null, "validation_regex": "", "choice_set": null, "ui_visible": "always", "ui_editable": "yes", "is_cloneable": false, "content_types": [35]}}, {"model": "extras.customfield", "pk": 2, "fields": {"created": "2024-10-03T19:44:33.298Z", "last_updated": "2024-10-03T19:44:33.298Z", "type": "text", "object_type": null, "name": "dev_password", "label": "", "group_name": "", "description": "", "required": false, "search_weight": 1000, "filter_logic": "loose", "default": null, "weight": 100, "validation_minimum": null, "validation_maximum": null, "validation_regex": "", "choice_set": null, "ui_visible": "always", "ui_editable": "yes", "is_cloneable": false, "content_types": [35]}}, {"model": "users.userconfig", "pk": 3, "fields": {"user": 3, "data": {}}}, {"model": "users.token", "pk": 2, "fields": {"user": 3, "created": "2024-11-09T09:51:31.817Z", "expires": null, "last_used": "2024-11-11T14:25:32.459Z", "key": "a630dcefcb191982869e7576190e79bfd569d33c", "write_enabled": true, "description": "", "allowed_ips": []}}]
