[{"model":"dcim.interface","pk":1,"fields":{"created":"2024-10-01T20:36:19.877Z","last_updated":"2024-11-03T22:42:25.705Z","custom_field_data":{},"device":1,"name":"GigabitEthernet1/0","label":"","description":"","module":null,"cable":1,"cable_end":"A","mark_connected":false,"_path":1,"enabled":true,"mac_address":null,"mtu":4000,"mode":"","parent":null,"bridge":null,"_name":"0001999999999999GigabitEthernet000000............","lag":null,"type":"1000base-t","mgmt_only":false,"speed":null,"duplex":null,"wwn":null,"rf_role":"","rf_channel":"","rf_channel_frequency":null,"rf_channel_width":null,"tx_power":null,"poe_mode":"","poe_type":"","wireless_link":null,"untagged_vlan":null,"vrf":null,"vdcs":[],"wireless_lans":[],"tagged_vlans":[]}},{"model":"dcim.interface","pk":2,"fields":{"created":"2024-10-02T06:47:52.149Z","last_updated":"2024-10-13T14:06:29.890Z","custom_field_data":{},"device":1,"name":"FastEthernet0/0","label":"","description":"","module":null,"cable":null,"cable_end":"","mark_connected":false,"_path":null,"enabled":true,"mac_address":null,"mtu":null,"mode":"","parent":null,"bridge":null,"_name":"0000999999999999FastEthernet000000............","lag":null,"type":"100base-tx","mgmt_only":false,"speed":null,"duplex":"auto","wwn":null,"rf_role":"","rf_channel":"","rf_channel_frequency":null,"rf_channel_width":null,"tx_power":null,"poe_mode":"","poe_type":"","wireless_link":null,"untagged_vlan":null,"vrf":null,"vdcs":[],"wireless_lans":[],"tagged_vlans":[]}},{"model":"dcim.interface","pk":4,"fields":{"created":"2024-10-13T21:12:46.038Z","last_updated":"2024-10-13T21:12:46.038Z","custom_field_data":{},"device":1,"name":"FastEthernet0/1","label":"","description":"","module":null,"cable":null,"cable_end":"","mark_connected":false,"_path":null,"enabled":true,"mac_address":null,"mtu":null,"mode":"","parent":null,"bridge":null,"_name":"0000999999999999FastEthernet000001............","lag":null,"type":"100base-tx","mgmt_only":false,"speed":null,"duplex":"","wwn":null,"rf_role":"","rf_channel":"","rf_channel_frequency":null,"rf_channel_width":null,"tx_power":null,"poe_mode":"","poe_type":"","wireless_link":null,"untagged_vlan":null,"vrf":null,"vdcs":[],"wireless_lans":[],"tagged_vlans":[]}},{"model":"dcim.interface","pk":5,"fields":{"created":"2024-10-13T21:12:46.071Z","last_updated":"2024-10-13T21:12:46.071Z","custom_field_data":{},"device":1,"name":"GigabitEthernet2/0","label":"","description":"","module":null,"cable":null,"cable_end":"","mark_connected":false,"_path":null,"enabled":true,"mac_address":null,"mtu":null,"mode":"","parent":null,"bridge":null,"_name":"0002999999999999GigabitEthernet000000............","lag":null,"type":"1000base-t","mgmt_only":false,"speed":null,"duplex":"","wwn":null,"rf_role":"","rf_channel":"","rf_channel_frequency":null,"rf_channel_width":null,"tx_power":null,"poe_mode":"","poe_type":"","wireless_link":null,"untagged_vlan":null,"vrf":null,"vdcs":[],"wireless_lans":[],"tagged_vlans":[]}},{"model":"dcim.interface","pk":6,"fields":{"created":"2024-10-13T21:12:46.090Z","last_updated":"2024-10-13T21:12:46.090Z","custom_field_data":{},"device":3,"name":"FastEthernet0/0","label":"","description":"","module":null,"cable":null,"cable_end":"","mark_connected":false,"_path":null,"enabled":true,"mac_address":null,"mtu":null,"mode":"","parent":null,"bridge":null,"_name":"0000999999999999FastEthernet000000............","lag":null,"type":"100base-tx","mgmt_only":false,"speed":null,"duplex":"","wwn":null,"rf_role":"","rf_channel":"","rf_channel_frequency":null,"rf_channel_width":null,"tx_power":null,"poe_mode":"","poe_type":"","wireless_link":null,"untagged_vlan":null,"vrf":null,"vdcs":[],"wireless_lans":[],"tagged_vlans":[]}},{"model":"dcim.interface","pk":7,"fields":{"created":"2024-10-13T21:12:46.108Z","last_updated":"2024-10-13T21:12:46.108Z","custom_field_data":{},"device":3,"name":"FastEthernet0/1","label":"","description":"","module":null,"cable":null,"cable_end":"","mark_connected":false,"_path":null,"enabled":true,"mac_address":null,"mtu":null,"mode":"","parent":null,"bridge":null,"_name":"0000999999999999FastEthernet000001............","lag":null,"type":"100base-tx","mgmt_only":false,"speed":null,"duplex":"","wwn":null,"rf_role":"","rf_channel":"","rf_channel_frequency":null,"rf_channel_width":null,"tx_power":null,"poe_mode":"","poe_type":"","wireless_link":null,"untagged_vlan":null,"vrf":null,"vdcs":[],"wireless_lans":[],"tagged_vlans":[]}},{"model":"dcim.interface","pk":8,"fields":{"created":"2024-10-13T21:12:46.128Z","last_updated":"2024-10-16T21:22:19.419Z","custom_field_data":{},"device":3,"name":"GigabitEthernet1/0","label":"","description":"","module":null,"cable":1,"cable_end":"B","mark_connected":false,"_path":2,"enabled":true,"mac_address":null,"mtu":4000,"mode":"","parent":null,"bridge":null,"_name":"0001999999999999GigabitEthernet000000............","lag":null,"type":"1000base-t","mgmt_only":false,"speed":null,"duplex":null,"wwn":null,"rf_role":"","rf_channel":"","rf_channel_frequency":null,"rf_channel_width":null,"tx_power":null,"poe_mode":"","poe_type":"","wireless_link":null,"untagged_vlan":null,"vrf":null,"vdcs":[],"wireless_lans":[],"tagged_vlans":[]}},{"model":"dcim.interface","pk":9,"fields":{"created":"2024-10-13T21:12:46.146Z","last_updated":"2024-10-16T21:22:07.785Z","custom_field_data":{},"device":3,"name":"GigabitEthernet2/0","label":"","description":"","module":null,"cable":2,"cable_end":"A","mark_connected":false,"_path":3,"enabled":true,"mac_address":null,"mtu":4000,"mode":"","parent":null,"bridge":null,"_name":"0002999999999999GigabitEthernet000000............","lag":null,"type":"1000base-t","mgmt_only":false,"speed":null,"duplex":null,"wwn":null,"rf_role":"","rf_channel":"","rf_channel_frequency":null,"rf_channel_width":null,"tx_power":null,"poe_mode":"","poe_type":"","wireless_link":null,"untagged_vlan":null,"vrf":null,"vdcs":[],"wireless_lans":[],"tagged_vlans":[]}},{"model":"dcim.interface","pk":10,"fields":{"created":"2024-10-13T21:12:46.165Z","last_updated":"2024-10-13T21:12:46.165Z","custom_field_data":{},"device":4,"name":"FastEthernet0/0","label":"","description":"","module":null,"cable":null,"cable_end":"","mark_connected":false,"_path":null,"enabled":true,"mac_address":null,"mtu":null,"mode":"","parent":null,"bridge":null,"_name":"0000999999999999FastEthernet000000............","lag":null,"type":"100base-tx","mgmt_only":false,"speed":null,"duplex":"","wwn":null,"rf_role":"","rf_channel":"","rf_channel_frequency":null,"rf_channel_width":null,"tx_power":null,"poe_mode":"","poe_type":"","wireless_link":null,"untagged_vlan":null,"vrf":null,"vdcs":[],"wireless_lans":[],"tagged_vlans":[]}},{"model":"dcim.interface","pk":11,"fields":{"created":"2024-10-13T21:12:46.184Z","last_updated":"2024-10-13T21:12:46.184Z","custom_field_data":{},"device":4,"name":"FastEthernet0/1","label":"","description":"","module":null,"cable":null,"cable_end":"","mark_connected":false,"_path":null,"enabled":true,"mac_address":null,"mtu":null,"mode":"","parent":null,"bridge":null,"_name":"0000999999999999FastEthernet000001............","lag":null,"type":"100base-tx","mgmt_only":false,"speed":null,"duplex":"","wwn":null,"rf_role":"","rf_channel":"","rf_channel_frequency":null,"rf_channel_width":null,"tx_power":null,"poe_mode":"","poe_type":"","wireless_link":null,"untagged_vlan":null,"vrf":null,"vdcs":[],"wireless_lans":[],"tagged_vlans":[]}},{"model":"dcim.interface","pk":12,"fields":{"created":"2024-10-13T21:12:46.202Z","last_updated":"2024-11-03T22:43:00.011Z","custom_field_data":{},"device":4,"name":"GigabitEthernet1/0","label":"","description":"","module":null,"cable":2,"cable_end":"B","mark_connected":false,"_path":4,"enabled":true,"mac_address":null,"mtu":4000,"mode":"","parent":null,"bridge":null,"_name":"0001999999999999GigabitEthernet000000............","lag":null,"type":"1000base-t","mgmt_only":false,"speed":null,"duplex":null,"wwn":null,"rf_role":"","rf_channel":"","rf_channel_frequency":null,"rf_channel_width":null,"tx_power":null,"poe_mode":"","poe_type":"","wireless_link":null,"untagged_vlan":null,"vrf":null,"vdcs":[],"wireless_lans":[],"tagged_vlans":[]}},{"model":"dcim.interface","pk":13,"fields":{"created":"2024-10-13T21:12:46.220Z","last_updated":"2024-10-13T21:12:46.220Z","custom_field_data":{},"device":4,"name":"GigabitEthernet2/0","label":"","description":"","module":null,"cable":null,"cable_end":"","mark_connected":false,"_path":null,"enabled":true,"mac_address":null,"mtu":null,"mode":"","parent":null,"bridge":null,"_name":"0002999999999999GigabitEthernet000000............","lag":null,"type":"1000base-t","mgmt_only":false,"speed":null,"duplex":"","wwn":null,"rf_role":"","rf_channel":"","rf_channel_frequency":null,"rf_channel_width":null,"tx_power":null,"poe_mode":"","poe_type":"","wireless_link":null,"untagged_vlan":null,"vrf":null,"vdcs":[],"wireless_lans":[],"tagged_vlans":[]}},{"model":"dcim.cable","pk":1,"fields":{"created":"2024-10-13T21:13:31.422Z","last_updated":"2024-10-13T21:13:31.422Z","custom_field_data":{},"description":"","comments":"","type":"","status":"connected","tenant":null,"label":"","color":"","length":null,"length_unit":"","_abs_length":null}},{"model":"dcim.cable","pk":2,"fields":{"created":"2024-10-16T21:02:10.871Z","last_updated":"2024-10-16T21:02:10.871Z","custom_field_data":{},"description":"","comments":"","type":"","status":"connected","tenant":null,"label":"","color":"","length":null,"length_unit":"","_abs_length":null}},{"model":"dcim.cabletermination","pk":1,"fields":{"created":"2024-10-13T21:13:31.431Z","last_updated":"2024-10-13T21:13:31.431Z","cable":1,"cable_end":"A","termination_type":42,"termination_id":1,"_device":1,"_rack":null,"_location":null,"_site":1}},{"model":"dcim.cabletermination","pk":2,"fields":{"created":"2024-10-13T21:13:31.434Z","last_updated":"2024-10-13T21:13:31.434Z","cable":1,"cable_end":"B","termination_type":42,"termination_id":8,"_device":3,"_rack":null,"_location":null,"_site":1}},{"model":"dcim.cabletermination","pk":3,"fields":{"created":"2024-10-16T21:02:10.890Z","last_updated":"2024-10-16T21:02:10.890Z","cable":2,"cable_end":"A","termination_type":42,"termination_id":9,"_device":3,"_rack":null,"_location":null,"_site":1}},{"model":"dcim.cabletermination","pk":4,"fields":{"created":"2024-10-16T21:02:10.894Z","last_updated":"2024-10-16T21:02:10.894Z","cable":2,"cable_end":"B","termination_type":42,"termination_id":12,"_device":4,"_rack":null,"_location":null,"_site":1}},{"model":"dcim.cablepath","pk":1,"fields":{"path":[["42:1"],["29:1"],["42:8"]],"is_active":true,"is_complete":true,"is_split":false,"_nodes":"[\"42:1\", \"29:1\", \"42:8\"]"}},{"model":"dcim.cablepath","pk":2,"fields":{"path":[["42:8"],["29:1"],["42:1"]],"is_active":true,"is_complete":true,"is_split":false,"_nodes":"[\"42:8\", \"29:1\", \"42:1\"]"}},{"model":"dcim.cablepath","pk":3,"fields":{"path":[["42:9"],["29:2"],["42:12"]],"is_active":true,"is_complete":true,"is_split":false,"_nodes":"[\"42:9\", \"29:2\", \"42:12\"]"}},{"model":"dcim.cablepath","pk":4,"fields":{"path":[["42:12"],["29:2"],["42:9"]],"is_active":true,"is_complete":true,"is_split":false,"_nodes":"[\"42:12\", \"29:2\", \"42:9\"]"}},{"model":"dcim.manufacturer","pk":1,"fields":{"created":"2024-10-01T19:19:33.598Z","last_updated":"2024-10-01T19:19:33.598Z","custom_field_data":{},"name":"Cisco","slug":"cisco","description":""}},{"model":"dcim.manufacturer","pk":2,"fields":{"created":"2024-10-02T20:33:30.036Z","last_updated":"2024-10-02T20:33:30.036Z","custom_field_data":{},"name":"Huawei","slug":"huawei","description":""}},{"model":"dcim.manufacturer","pk":3,"fields":{"created":"2024-10-02T20:33:30.079Z","last_updated":"2024-10-02T20:33:30.079Z","custom_field_data":{},"name":"Juniper","slug":"juniper","description":""}},{"model":"dcim.manufacturer","pk":4,"fields":{"created":"2024-10-26T17:50:34.106Z","last_updated":"2024-10-26T17:50:34.106Z","custom_field_data":{},"name":"FRR","slug":"frr","description":""}},{"model":"dcim.devicetype","pk":1,"fields":{"created":"2024-10-01T19:20:26.161Z","last_updated":"2024-10-01T19:20:26.161Z","custom_field_data":{},"description":"","comments":"","weight":null,"weight_unit":"","_abs_weight":null,"manufacturer":1,"model":"7200","slug":"C7200","default_platform":null,"part_number":"","u_height":"1.0","exclude_from_utilization":false,"is_full_depth":true,"subdevice_role":"","airflow":"","front_image":"","rear_image":"","console_port_template_count":0,"console_server_port_template_count":0,"power_port_template_count":0,"power_outlet_template_count":0,"interface_template_count":0,"front_port_template_count":0,"rear_port_template_count":0,"device_bay_template_count":0,"module_bay_template_count":0,"inventory_item_template_count":0}},{"model":"dcim.devicetype","pk":2,"fields":{"created":"2024-10-26T17:51:07.082Z","last_updated":"2024-10-26T17:51:07.082Z","custom_field_data":{},"description":"","comments":"","weight":null,"weight_unit":"","_abs_weight":null,"manufacturer":4,"model":"FRR","slug":"frr","default_platform":null,"part_number":"","u_height":"1.0","exclude_from_utilization":false,"is_full_depth":true,"subdevice_role":"","airflow":"","front_image":"","rear_image":"","console_port_template_count":0,"console_server_port_template_count":0,"power_port_template_count":0,"power_outlet_template_count":0,"interface_template_count":0,"front_port_template_count":0,"rear_port_template_count":0,"device_bay_template_count":0,"module_bay_template_count":0,"inventory_item_template_count":0}},{"model":"dcim.devicerole","pk":1,"fields":{"created":"2024-10-01T19:19:05.467Z","last_updated":"2024-10-01T19:19:05.467Z","custom_field_data":{},"name":"Router","slug":"router","description":"","color":"9e9e9e","vm_role":true,"config_template":null}},{"model":"dcim.device","pk":1,"fields":{"created":"2024-10-01T19:21:22.331Z","last_updated":"2024-10-26T20:33:50.616Z","custom_field_data":{"dev_login":null,"dev_password":null},"description":"","comments":"","local_context_data":null,"config_template":null,"device_type":1,"role":1,"tenant":null,"platform":null,"name":"lab-r1.nh.com","_name":"lab-r00000001.nh.com","serial":"","asset_tag":null,"site":1,"location":null,"rack":null,"position":null,"face":"","status":"active","airflow":"","primary_ip4":1,"primary_ip6":null,"oob_ip":null,"cluster":null,"virtual_chassis":null,"vc_position":null,"vc_priority":null,"latitude":null,"longitude":null,"console_port_count":0,"console_server_port_count":0,"power_port_count":0,"power_outlet_count":0,"interface_count":4,"front_port_count":0,"rear_port_count":0,"device_bay_count":0,"module_bay_count":0,"inventory_item_count":0}},{"model":"dcim.device","pk":3,"fields":{"created":"2024-10-08T21:10:57.382Z","last_updated":"2024-10-26T20:34:03.777Z","custom_field_data":{"dev_login":null,"dev_password":null},"description":"","comments":"","local_context_data":null,"config_template":null,"device_type":1,"role":1,"tenant":null,"platform":null,"name":"lab-r2.nh.com","_name":"lab-r00000002.nh.com","serial":"","asset_tag":null,"site":1,"location":null,"rack":null,"position":null,"face":"","status":"active","airflow":"","primary_ip4":3,"primary_ip6":null,"oob_ip":null,"cluster":null,"virtual_chassis":null,"vc_position":null,"vc_priority":null,"latitude":null,"longitude":null,"console_port_count":0,"console_server_port_count":0,"power_port_count":0,"power_outlet_count":0,"interface_count":4,"front_port_count":0,"rear_port_count":0,"device_bay_count":0,"module_bay_count":0,"inventory_item_count":0}},{"model":"dcim.device","pk":4,"fields":{"created":"2024-10-08T21:10:57.411Z","last_updated":"2024-10-26T20:34:12.950Z","custom_field_data":{"dev_login":null,"dev_password":null},"description":"","comments":"","local_context_data":null,"config_template":null,"device_type":1,"role":1,"tenant":null,"platform":null,"name":"lab-r3.nh.com","_name":"lab-r00000003.nh.com","serial":"","asset_tag":null,"site":1,"location":null,"rack":null,"position":null,"face":"","status":"active","airflow":"","primary_ip4":6,"primary_ip6":null,"oob_ip":null,"cluster":null,"virtual_chassis":null,"vc_position":null,"vc_priority":null,"latitude":null,"longitude":null,"console_port_count":0,"console_server_port_count":0,"power_port_count":0,"power_outlet_count":0,"interface_count":4,"front_port_count":0,"rear_port_count":0,"device_bay_count":0,"module_bay_count":0,"inventory_item_count":0}},{"model":"dcim.site","pk":1,"fields":{"created":"2024-10-01T19:21:03.282Z","last_updated":"2024-10-01T19:21:03.282Z","custom_field_data":{},"description":"","comments":"","name":"lab","_name":"lab","slug":"lab","status":"active","region":null,"group":null,"tenant":null,"facility":"","time_zone":null,"physical_address":"","shipping_address":"","latitude":null,"longitude":null,"asns":[]}},{"model":"ipam.ipaddress","pk":1,"fields":{"created":"2024-10-02T06:48:11.299Z","last_updated":"2024-10-26T20:33:50.602Z","custom_field_data":{},"description":"","comments":"","address":"172.20.0.100/24","vrf":null,"tenant":null,"status":"active","role":"","assigned_object_type":42,"assigned_object_id":2,"nat_inside":null,"dns_name":""}},{"model":"ipam.ipaddress","pk":2,"fields":{"created":"2024-10-13T22:16:34.069Z","last_updated":"2024-10-13T22:16:34.069Z","custom_field_data":{},"description":"","comments":"","address":"10.0.0.2/30","vrf":null,"tenant":null,"status":"active","role":"","assigned_object_type":42,"assigned_object_id":1,"nat_inside":null,"dns_name":""}},{"model":"ipam.ipaddress","pk":3,"fields":{"created":"2024-10-13T22:16:34.100Z","last_updated":"2024-10-26T20:34:03.760Z","custom_field_data":{},"description":"","comments":"","address":"172.20.0.101/24","vrf":null,"tenant":null,"status":"active","role":"","assigned_object_type":42,"assigned_object_id":6,"nat_inside":null,"dns_name":""}},{"model":"ipam.ipaddress","pk":4,"fields":{"created":"2024-10-13T22:16:34.111Z","last_updated":"2024-10-13T22:16:34.111Z","custom_field_data":{},"description":"","comments":"","address":"10.0.0.1/30","vrf":null,"tenant":null,"status":"active","role":"","assigned_object_type":42,"assigned_object_id":8,"nat_inside":null,"dns_name":""}},{"model":"ipam.ipaddress","pk":5,"fields":{"created":"2024-10-13T22:16:34.122Z","last_updated":"2024-10-13T22:16:34.122Z","custom_field_data":{},"description":"","comments":"","address":"10.0.0.5/30","vrf":null,"tenant":null,"status":"active","role":"","assigned_object_type":42,"assigned_object_id":9,"nat_inside":null,"dns_name":""}},{"model":"ipam.ipaddress","pk":6,"fields":{"created":"2024-10-13T22:16:34.132Z","last_updated":"2024-10-26T20:34:12.937Z","custom_field_data":{},"description":"","comments":"","address":"172.20.0.102/24","vrf":null,"tenant":null,"status":"active","role":"","assigned_object_type":42,"assigned_object_id":10,"nat_inside":null,"dns_name":""}},{"model":"ipam.ipaddress","pk":7,"fields":{"created":"2024-10-13T22:16:34.142Z","last_updated":"2024-10-13T22:16:34.142Z","custom_field_data":{},"description":"","comments":"","address":"10.0.0.6/30","vrf":null,"tenant":null,"status":"active","role":"","assigned_object_type":42,"assigned_object_id":12,"nat_inside":null,"dns_name":""}},{"model":"extras.tag","pk":1,"fields":{"name":"lab","slug":"lab","created":"2024-10-13T14:27:18.873Z","last_updated":"2024-10-13T14:27:18.873Z","color":"9e9e9e","description":"","object_types":[]}},{"model":"extras.taggeditem","pk":1,"fields":{"content_type":35,"object_id":1,"tag":1}},{"model":"extras.customfield","pk":1,"fields":{"created":"2024-10-03T19:44:23.128Z","last_updated":"2024-10-03T19:44:23.128Z","type":"text","object_type":null,"name":"dev_login","label":"","group_name":"","description":"","required":false,"search_weight":1000,"filter_logic":"loose","default":null,"weight":100,"validation_minimum":null,"validation_maximum":null,"validation_regex":"","choice_set":null,"ui_visible":"always","ui_editable":"yes","is_cloneable":false,"content_types":[35]}},{"model":"extras.customfield","pk":2,"fields":{"created":"2024-10-03T19:44:33.298Z","last_updated":"2024-10-03T19:44:33.298Z","type":"text","object_type":null,"name":"dev_password","label":"","group_name":"","description":"","required":false,"search_weight":1000,"filter_logic":"loose","default":null,"weight":100,"validation_minimum":null,"validation_maximum":null,"validation_regex":"","choice_set":null,"ui_visible":"always","ui_editable":"yes","is_cloneable":false,"content_types":[35]}}]